№,Область,Район,Тергромада,Назва НП,PCod
1,Харківська,Богодухівський р-н,Золочівська селищна громада,сел. Уди,UA6302005056
2,Харківська,Ізюмський р-н,Балаклійська міська громада,сел. Асіївка,UA6304001002
3,Харківська,Ізюмський р-н,Балаклійська міська громада,сел. Попівка,UA6304001026
4,Харківська,Ізюмський р-н,Балаклійська міська громада,хут. Слобожанське,UA6304001037
5,Харківська,Ізюмський р-н,Балаклійська міська громада,сел. Соколівка,UA6304001028
6,Харківська,Ізюмський р-н,Балаклійська міська громада,сел. Успенське,UA6304001031
7,Харківська,Ізюмський р-н,Балаклійська міська громада,місто Балаклія,UA6304001001
8,Харківська,Ізюмський р-н,Балаклійська міська громада,сел. Борщівка,UA6304001005
9,Харківська,Ізюмський р-н,Балаклійська міська громада,сел. Вербівка,UA6304001007
10,Харківська,Ізюмський р-н,Балаклійська міська громада,сел. Волохів Яр,UA6304001013
11,Харківська,Ізюмський р-н,Балаклійська міська громада,сел. Волобуївка,UA6304001012
12,Харківська,Ізюмський р-н,Балаклійська міська громада,сел. Гусарівка,UA6304001014
13,Харківська,Ізюмський р-н,Балаклійська міська громада,сел. Вільне,UA6304001008
14,Харківська,Ізюмський р-н,Балаклійська міська громада,сел. Лозовенька,UA6304001019
15,Харківська,Ізюмський р-н,Балаклійська міська громада,сел. Нова Серпухівка,UA6304001022
16,Харківська,Ізюмський р-н,Балаклійська міська громада,сел. Криничне,UA6304001018
17,Харківська,Ізюмський р-н,Балаклійська міська громада,сел. Мілова,UA6304001020
18,Харківська,Ізюмський р-н,Балаклійська міська громада,сел. Червоний Шлях,UA6304001033
19,Харківська,Ізюмський р-н,Балаклійська міська громада,сел. Нова Гусарівка,UA6304001021
20,Харківська,Ізюмський р-н,Балаклійська міська громада,сел. Щурівка,UA6304001035
21,Харківська,Ізюмський р-н,Балаклійська міська громада,сел. Берестянки,UA6304001004
22,Харківська,Ізюмський р-н,Балаклійська міська громада,сел. Завгороднє,UA6304001015
23,Харківська,Ізюмський р-н,Балаклійська міська громада,сел. Волвенкове,UA6304001011
24,Харківська,Ізюмський р-н,Балаклійська міська громада,сел. Протопопівка,UA6304001027
25,Харківська,Ізюмський р-н,Балаклійська міська громада,сел. Вітрівка,UA6304001009
26,Харківська,Ізюмський р-н,Балаклійська міська громада,сел. Чепіль,UA6304001032
27,Харківська,Ізюмський р-н,Балаклійська міська громада,сел. Шевелівка,UA6304001034
28,Харківська,Ізюмський р-н,Балаклійська міська громада,сел. Калинівка,UA6304001016
29,Харківська,Ізюмський р-н,Балаклійська міська громада,сел. Степок,UA6304001029
30,Харківська,Ізюмський р-н,Балаклійська міська громада,сел. Таранушине,UA6304001030
31,Харківська,Ізюмський р-н,Балаклійська міська громада,сел. Яковенкове,UA6304001036
32,Харківська,Ізюмський р-н,Борівська селищна громада,сел. Богуславка,UA6304005004
33,Харківська,Ізюмський р-н,Борівська селищна громада,сел. Загризове,UA6304005014
34,Харківська,Ізюмський р-н,Борівська селищна громада,сел. Нова Кругляківка,UA6304005024
35,Харківська,Ізюмський р-н,Борівська селищна громада,сел. Вище Солоне,UA6304005008
36,Харківська,Ізюмський р-н,Борівська селищна громада,сел. Нижче Солоне,UA6304005023
37,Харківська,Ізюмський р-н,Борівська селищна громада,сел. Бахтин,UA6304005003
38,Харківська,Ізюмський р-н,Борівська селищна громада,сел. Гороховатка,UA6304005012
39,Харківська,Ізюмський р-н,Борівська селищна громада,сел. Глущенкове,UA6304005010
40,Харківська,Ізюмський р-н,Борівська селищна громада,сел. Дружелюбівка,UA6304005013
41,Харківська,Ізюмський р-н,Борівська селищна громада,сел. Ізюмське,UA6304005016
42,Харківська,Ізюмський р-н,Борівська селищна громада,сел. Новий Мир,UA6304005025
43,Харківська,Ізюмський р-н,Борівська селищна громада,сел. Ольгівка,UA6304005028
44,Харківська,Ізюмський р-н,Борівська селищна громада,сел. Червоний Став,UA6304005034
45,Харківська,Ізюмський р-н,Борівська селищна громада,сел. Борівська Андріївка,UA6304005006
46,Харківська,Ізюмський р-н,Борівська селищна громада,сел. Мирне,UA6304005021
47,Харківська,Ізюмський р-н,Борівська селищна громада,сел. Ясинувате,UA6304005037
48,Харківська,Ізюмський р-н,Борівська селищна громада,сел. Нижня Журавка,UA6304005022
49,Харківська,Ізюмський р-н,Борівська селищна громада,сел. Підлиман,UA6304005031
50,Харківська,Ізюмський р-н,Борівська селищна громада,сел. Маліївка,UA6304005020
51,Харківська,Ізюмський р-н,Борівська селищна громада,сел. Піски-Радьківські,UA6304005032
52,Харківська,Ізюмський р-н,Борівська селищна громада,сел. Новосергіївка,UA6304005027
53,Харківська,Ізюмський р-н,Борівська селищна громада,сел. Чернещина,UA6304005035
54,Харківська,Ізюмський р-н,Борівська селищна громада,сел. Бойні,UA6304005005
55,Харківська,Ізюмський р-н,Борівська селищна громада,смт. Борова,UA6304005001
56,Харківська,Ізюмський р-н,Борівська селищна громада,сел. Новоплатонівка,UA6304005026
57,Харківська,Ізюмський р-н,Борівська селищна громада,сел. Парнувате,UA6304005029
58,Харківська,Ізюмський р-н,Борівська селищна громада,сел. Шийківка,UA6304005036
59,Харківська,Ізюмський р-н,Ізюмська міська громада,сел. Бабенкове,UA6304009002
60,Харківська,Ізюмський р-н,Ізюмська міська громада,сел. Кам'янка,UA6304009008
61,Харківська,Ізюмський р-н,Ізюмська міська громада,сел. Рудневе,UA6304009012
62,Харківська,Ізюмський р-н,Ізюмська міська громада,сел. Синичено,UA6304009013
63,Харківська,Ізюмський р-н,Ізюмська міська громада,сел. Суха Кам'янка,UA6304009014
64,Харківська,Ізюмський р-н,Ізюмська міська громада,сел. Тихоцьке,UA6304009015
65,Харківська,Ізюмський р-н,Ізюмська міська громада,сел. Глинське,UA6304009004
66,Харківська,Ізюмський р-н,Ізюмська міська громада,сел. Забавне,UA6304009005
67,Харківська,Ізюмський р-н,Ізюмська міська громада,сел. Іскра,UA6304009007
68,Харківська,Ізюмський р-н,Ізюмська міська громада,сел. Крамарівка,UA6304009009
69,Харківська,Ізюмський р-н,Ізюмська міська громада,сел. Левківка,UA6304009010
70,Харківська,Ізюмський р-н,Ізюмська міська громада,сел. Пимонівка,UA6304009011
71,Харківська,Ізюмський р-н,Ізюмська міська громада,місто Ізюм,UA6304009001
72,Харківська,Ізюмський р-н,Куньєвська сільська громада,сел. Попасне,UA6304011012
73,Харківська,Ізюмський р-н,Куньєвська сільська громада,сел. Сухий Яр,UA6304011015
74,Харківська,Ізюмський р-н,Куньєвська сільська громада,сел. Чорнобаївка,UA6304011017
75,Харківська,Ізюмський р-н,Куньєвська сільська громада,сел. Іванчуківка,UA6304011004
76,Харківська,Ізюмський р-н,Куньєвська сільська громада,сел. Лисогірка,UA6304011007
77,Харківська,Ізюмський р-н,Куньєвська сільська громада,сел. Новопавлівка,UA6304011008
78,Харківська,Ізюмський р-н,Куньєвська сільська громада,сел. Поляна,UA6304011011
79,Харківська,Ізюмський р-н,Куньєвська сільська громада,сел. Щасливе,UA6304011018
80,Харківська,Ізюмський р-н,Куньєвська сільська громада,сел. Липчанівка,UA6304011006
81,Харківська,Ізюмський р-н,Куньєвська сільська громада,сел. Боголюбівка,UA6304011002
82,Харківська,Ізюмський р-н,Куньєвська сільська громада,сел. Козютівка,UA6304011005
83,Харківська,Ізюмський р-н,Куньєвська сільська громада,сел. Чистоводівка,UA6304011016
84,Харківська,Ізюмський р-н,Куньєвська сільська громада,сел. Куньє,UA6304011001
85,Харківська,Ізюмський р-н,Оскільська сільська громада,сел. Вірнопілля,UA6304013005
86,Харківська,Ізюмський р-н,Оскільська сільська громада,сел. Карнаухівка,UA6304013012
87,Харківська,Ізюмський р-н,Оскільська сільська громада,сел. Заводи,UA6304013010
88,Харківська,Ізюмський р-н,Оскільська сільська громада,сел. Придонецьке,UA6304013019
89,Харківська,Ізюмський р-н,Оскільська сільська громада,сел. Співаківка,UA6304013022
90,Харківська,Ізюмський р-н,Оскільська сільська громада,сел. Діброва,UA6304013006
91,Харківська,Ізюмський р-н,Оскільська сільська громада,сел. Капитолівка,UA6304013011
92,Харківська,Ізюмський р-н,Оскільська сільська громада,сел. Комарівка,UA6304013013
93,Харківська,Ізюмський р-н,Оскільська сільська громада,сел. Донецьке,UA6304013009
94,Харківська,Ізюмський р-н,Оскільська сільська громада,сел. Мала Комишуваха,UA6304013015
95,Харківська,Ізюмський р-н,Оскільська сільська громада,сел. Сніжківка,UA6304013021
96,Харківська,Ізюмський р-н,Оскільська сільська громада,сел. Топольське,UA6304013025
97,Харківська,Ізюмський р-н,Оскільська сільська громада,сел. Шпаківка,UA6304013026
98,Харківська,Ізюмський р-н,Оскільська сільська громада,сел. Бражківка,UA6304013003
99,Харківська,Ізюмський р-н,Оскільська сільська громада,сел. Сулигівка,UA6304013024
100,Харківська,Ізюмський р-н,Оскільська сільська громада,сел. Букине,UA6304013004
101,Харківська,Ізюмський р-н,Оскільська сільська громада,сел. Оскіл,UA6304013001
102,Харківська,Ізюмський р-н,Оскільська сільська громада,сел. Пасіка,UA6304013017
103,Харківська,Ізюмський р-н,Оскільська сільська громада,сел. Яремівка,UA6304013027
104,Харківська,Ізюмський р-н,Савинська селищна громада,сел. Крючки,UA6304015015
105,Харківська,Ізюмський р-н,Савинська селищна громада,сел. Нурове,UA6304015017
106,Харківська,Ізюмський р-н,Савинська селищна громада,сел. Пазіївка,UA6304015010
107,Харківська,Ізюмський р-н,Савинська селищна громада,сел. Слабунівка,UA6304015012
108,Харківська,Ізюмський р-н,Савинська селищна громада,сел. Теплянка,UA6304015018
109,Харківська,Ізюмський р-н,Савинська селищна громада,сел. Вишнева,UA6304015003
110,Харківська,Ізюмський р-н,Савинська селищна громада,сел. Довгалівка,UA6304015005
111,Харківська,Ізюмський р-н,Савинська селищна громада,сел. Залиман,UA6304015006
112,Харківська,Ізюмський р-н,Савинська селищна громада,сел. Мирна Долина,UA6304015007
113,Харківська,Ізюмський р-н,Савинська селищна громада,сел. Норцівка,UA6304015009
114,Харківська,Ізюмський р-н,Савинська селищна громада,сел. Бородоярське,UA6304015002
115,Харківська,Ізюмський р-н,Савинська селищна громада,сел. Морозівка,UA6304015008
116,Харківська,Ізюмський р-н,Савинська селищна громада,смт. Савинці,UA6304015001
117,Харківська,Куп'янський р-н,Великобурлуцька селищна громада,сел. Балка,UA6308001005
118,Харківська,Куп'янський р-н,Великобурлуцька селищна громада,сел. Буряківка,UA6308001006
119,Харківська,Куп'янський р-н,Великобурлуцька селищна громада,смт. Великий Бурлук,UA6308001001
120,Харківська,Куп'янський р-н,Великобурлуцька селищна громада,сел. Жуків Яр,UA6308001013
121,Харківська,Куп'янський р-н,Великобурлуцька селищна громада,сел. Заміст,UA6308001014
122,Харківська,Куп'янський р-н,Великобурлуцька селищна громада,хут. Канівцеве,UA6308001039
123,Харківська,Куп'янський р-н,Великобурлуцька селищна громада,сел. Лебедівка,UA6308001018
124,Харківська,Куп'янський р-н,Великобурлуцька селищна громада,хут. Литвинівка,UA6308001042
125,Харківська,Куп'янський р-н,Великобурлуцька селищна громада,сел. Манцівка,UA6308001021
126,Харківська,Куп'янський р-н,Великобурлуцька селищна громада,сел. Плоске,UA6308001026
127,Харківська,Куп'янський р-н,Великобурлуцька селищна громада,сел. Юр’ївка,UA6308001035
128,Харківська,Куп'янський р-н,Великобурлуцька селищна громада,сел. Яєчне,UA6308001036
129,Харківська,Куп'янський р-н,Великобурлуцька селищна громада,сел. Аркушине,UA6308001004
130,Харківська,Куп'янський р-н,Великобурлуцька селищна громада,сел. Гнилиця,UA6308001008
131,Харківська,Куп'янський р-н,Великобурлуцька селищна громада,сел. Гнилиця Перша,UA6308001009
132,Харківська,Куп'янський р-н,Великобурлуцька селищна громада,сел. Амбарне,UA6308001002
133,Харківська,Куп'янський р-н,Великобурлуцька селищна громада,сел. Григорівка,UA6308001012
134,Харківська,Куп'янський р-н,Великобурлуцька селищна громада,хут. Красноярське,UA6308001040
135,Харківська,Куп'янський р-н,Великобурлуцька селищна громада,хут. Соніно,UA6308001049
136,Харківська,Куп'янський р-н,Великобурлуцька селищна громада,сел. Хатнє,UA6308001031
137,Харківська,Куп'янський р-н,Великобурлуцька селищна громада,сел. Катеринівка,UA6308001016
138,Харківська,Куп'янський р-н,Великобурлуцька селищна громада,хут. Микільське,UA6308001044
139,Харківська,Куп'янський р-н,Великобурлуцька селищна громада,сел. Рогозянка,UA6308001028
140,Харківська,Куп'янський р-н,Великобурлуцька селищна громада,хут. Садовод,UA6308001047
141,Харківська,Куп'янський р-н,Великобурлуцька селищна громада,сел. Стецьківка,UA6308001030
142,Харківська,Куп'янський р-н,Великобурлуцька селищна громада,сел. Шляхове,#N/A
143,Харківська,Куп'янський р-н,Великобурлуцька селищна громада,сел. Малий Бурлук,UA6308001020
144,Харківська,Куп'янський р-н,Великобурлуцька селищна громада,сел. Нова Олександрівка,UA6308001024
145,Харківська,Куп'янський р-н,Великобурлуцька селищна громада,хут. Нова Олександрівка,UA6308001024
146,Харківська,Куп'янський р-н,Великобурлуцька селищна громада,сел. Полковниче,UA6308001027
147,Харківська,Куп'янський р-н,Великобурлуцька селищна громада,хут. Дорошенкове,UA6308001037
148,Харківська,Куп'янський р-н,Великобурлуцька селищна громада,хут. Малахове,UA6308001043
149,Харківська,Куп'янський р-н,Великобурлуцька селищна громада,хут. Підсереднє,UA6308001046
150,Харківська,Куп'янський р-н,Великобурлуцька селищна громада,хут. Сірий Яр,UA6308001048
151,Харківська,Куп'янський р-н,Великобурлуцька селищна громада,селище Зелений Гай,UA6308001015
152,Харківська,Куп'янський р-н,Великобурлуцька селищна громада,хут. Червона Хвиля,UA6308001050
153,Харківська,Куп'янський р-н,Великобурлуцька селищна громада,хут. Куп’єваха,UA6308001041
154,Харківська,Куп'янський р-н,Великобурлуцька селищна громада,сел. Нестерівка,UA6308001023
155,Харківська,Куп'янський р-н,Великобурлуцька селищна громада,сел. Середній Бурлук,UA6308001029
156,Харківська,Куп'янський р-н,Великобурлуцька селищна громада,сел. Шипувате,UA6308001034
157,Харківська,Куп'янський р-н,Великобурлуцька селищна громада,хут. Шипувате,UA6308001034
158,Харківська,Куп'янський р-н,Великобурлуцька селищна громада,сел. Горяне,UA6308001011
159,Харківська,Куп'янський р-н,Вільхуватська сільська громада,сел. Анискине,UA6308003003
160,Харківська,Куп'янський р-н,Вільхуватська сільська громада,сел. Артільне,UA6308003004
161,Харківська,Куп'янський р-н,Вільхуватська сільська громада,сел. Гогине,UA6308003007
162,Харківська,Куп'янський р-н,Вільхуватська сільська громада,сел. Грачівка,UA6308003008
163,Харківська,Куп'янський р-н,Вільхуватська сільська громада,сел. Довжанка,UA6308003010
164,Харківська,Куп'янський р-н,Вільхуватська сільська громада,сел. Зарубинка,UA6308003011
165,Харківська,Куп'янський р-н,Вільхуватська сільська громада,сел. Івашкине,UA6308003012
166,Харківська,Куп'янський р-н,Вільхуватська сільська громада,сел. Комісарове,UA6308003013
167,Харківська,Куп'янський р-н,Вільхуватська сільська громада,сел. Купине,UA6308003015
168,Харківська,Куп'янський р-н,Вільхуватська сільська громада,хут. Курганне,UA6308003028
169,Харківська,Куп'янський р-н,Вільхуватська сільська громада,хут. Миколаївка,UA6308003029
170,Харківська,Куп'янський р-н,Вільхуватська сільська громада,сел. Мілове,UA6308003017
171,Харківська,Куп'янський р-н,Вільхуватська сільська громада,сел. Нефедівка,UA6308003018
172,Харківська,Куп'янський р-н,Вільхуватська сільська громада,сел. Озерне,UA6308003019
173,Харківська,Куп'янський р-н,Вільхуватська сільська громада,сел. Потихонове,UA6308003020
174,Харківська,Куп'янський р-н,Вільхуватська сільська громада,смт. Приколотне,UA6308003002
175,Харківська,Куп'янський р-н,Вільхуватська сільська громада,сел. Рублене,UA6308003021
176,Харківська,Куп'янський р-н,Вільхуватська сільська громада,сел. Слизневе,UA6308003022
177,Харківська,Куп'янський р-н,Вільхуватська сільська громада,сел. Устинівка,UA6308003023
178,Харківська,Куп'янський р-н,Вільхуватська сільська громада,хут. Федорівка,UA6308003030
179,Харківська,Куп'янський р-н,Вільхуватська сільська громада,сел. Чорне,UA6308003024
180,Харківська,Куп'янський р-н,Вільхуватська сільська громада,сел. Чугунівка,UA6308003025
181,Харківська,Куп'янський р-н,Вільхуватська сільська громада,сел. Шев’яківка,UA6308003026
182,Харківська,Куп'янський р-н,Дворічанська селищна громада,сел. Богданівське,UA6308005003
183,Харківська,Куп'янський р-н,Дворічанська селищна громада,сел. Бологівка,UA6308005004
184,Харківська,Куп'янський р-н,Дворічанська селищна громада,сел. Васильцівка,UA6308005005
185,Харківська,Куп'янський р-н,Дворічанська селищна громада,сел. Великий Виселок,UA6308005006
186,Харківська,Куп'янський р-н,Дворічанська селищна громада,сел. Вільшана,UA6308005007
187,Харківська,Куп'янський р-н,Дворічанська селищна громада,сел. Гороб’ївка,UA6308005009
188,Харківська,Куп'янський р-н,Дворічанська селищна громада,сел. Гряниківка,UA6308005011
189,Харківська,Куп'янський р-н,Дворічанська селищна громада,хут. Дворічанське,UA6308005053
190,Харківська,Куп'янський р-н,Дворічанська селищна громада,смт. Дворічна,UA6308005001
191,Харківська,Куп'янський р-н,Дворічанська селищна громада,хут. Дворічне,UA6308005054
192,Харківська,Куп'янський р-н,Дворічанська селищна громада,сел. Добролюбівка,UA6308005012
193,Харківська,Куп'янський р-н,Дворічанська селищна громада,сел. Западне,UA6308005014
194,Харківська,Куп'янський р-н,Дворічанська селищна громада,сел. Кам’янка,UA6308005016
195,Харківська,Куп'янський р-н,Дворічанська селищна громада,сел. Касянівка,UA6308005017
196,Харківська,Куп'янський р-н,Дворічанська селищна громада,сел. Колодязне,UA6308005018
197,Харківська,Куп'янський р-н,Дворічанська селищна громада,сел. Красне Перше,UA6308005019
198,Харківська,Куп'янський р-н,Дворічанська селищна громада,сел. Кутьківка,UA6308005020
199,Харківська,Куп'янський р-н,Дворічанська селищна громада,сел. Лиман Другий,UA6308005021
200,Харківська,Куп'янський р-н,Дворічанська селищна громада,сел. Лиман Перший,UA6308005022
201,Харківська,Куп'янський р-н,Дворічанська селищна громада,сел. Лозова Друга,UA6308005023
202,Харківська,Куп'янський р-н,Дворічанська селищна громада,сел. Лозова Перша,UA6308005024
203,Харківська,Куп'янський р-н,Дворічанська селищна громада,сел. Мальцівка,UA6308005025
204,Харківська,Куп'янський р-н,Дворічанська селищна громада,сел. Масютівка,UA6308005026
205,Харківська,Куп'янський р-н,Дворічанська селищна громада,сел. Мечнікове,UA6308005027
206,Харківська,Куп'янський р-н,Дворічанська селищна громада,сел. Митрофанівка,UA6308005029
207,Харківська,Куп'янський р-н,Дворічанська селищна громада,сел. Нежданівка,UA6308005030
208,Харківська,Куп'янський р-н,Дворічанська селищна громада,сел. Нововасилівка,UA6308005031
209,Харківська,Куп'янський р-н,Дворічанська селищна громада,сел. Новоєгорівка,UA6308005032
210,Харківська,Куп'янський р-н,Дворічанська селищна громада,сел. Новомлинськ,UA6308005033
211,Харківська,Куп'янський р-н,Дворічанська селищна громада,сел. Новоужвинівка,UA6308005034
212,Харківська,Куп'янський р-н,Дворічанська селищна громада,сел. Обухівка,UA6308005035
213,Харківська,Куп'янський р-н,Дворічанська селищна громада,сел. Петро-Іванівка,UA6308005041
214,Харківська,Куп'янський р-н,Дворічанська селищна громада,сел. Піски,UA6308005042
215,Харківська,Куп'янський р-н,Дворічанська селищна громада,сел. Піщанка,UA6308005043
216,Харківська,Куп'янський р-н,Дворічанська селищна громада,сел. Плескачівка,UA6308005044
217,Харківська,Куп'янський р-н,Дворічанська селищна громада,сел. Путникове,UA6308005045
218,Харківська,Куп'янський р-н,Дворічанська селищна громада,сел. Рідкодуб,UA6308005046
219,Харківська,Куп'янський р-н,Дворічанська селищна громада,сел. Строївка,UA6308005047
220,Харківська,Куп'янський р-н,Дворічанська селищна громада,сел. Тавільжанка,UA6308005048
221,Харківська,Куп'янський р-н,Дворічанська селищна громада,сел. Терни,UA6308005049
222,Харківська,Куп'янський р-н,Дворічанська селищна громада,сел. Тополі,UA6308005051
223,Харківська,Куп'янський р-н,Дворічанська селищна громада,хут. Тополі,UA6308005051
224,Харківська,Куп'янський р-н,Дворічанська селищна громада,сел. Фиголівка,UA6308005052
225,Харківська,Куп'янський р-н,Кіндрашівська сільська громада,сел. Грушівка,UA6308007009
226,Харківська,Куп'янський р-н,Кіндрашівська сільська громада,сел. Вишнівка,UA6308007006
227,Харківська,Куп'янський р-н,Кіндрашівська сільська громада,сел. Гусинка,UA6308007010
228,Харківська,Куп'янський р-н,Кіндрашівська сільська громада,сел. Єгорівка,UA6308007012
229,Харківська,Куп'янський р-н,Кіндрашівська сільська громада,сел. Курочкине,UA6308007015
230,Харківська,Куп'янський р-н,Кіндрашівська сільська громада,сел. Самборівка,UA6308007027
231,Харківська,Куп'янський р-н,Кіндрашівська сільська громада,сел. Дорошівка,UA6308007011
232,Харківська,Куп'янський р-н,Кіндрашівська сільська громада,сел. Моначинівка,UA6308007019
233,Харківська,Куп'янський р-н,Кіндрашівська сільська громада,сел. Благодатівка,UA6308007002
234,Харківська,Куп'янський р-н,Кіндрашівська сільська громада,сел. Нечволодівка,UA6308007021
235,Харківська,Куп'янський р-н,Кіндрашівська сільська громада,сел. Садове,UA6308007026
236,Харківська,Куп'янський р-н,Кіндрашівська сільська громада,сел. Миколаївка Перша,UA6308007018
237,Харківська,Куп'янський р-н,Кіндрашівська сільська громада,сел. Прилютове,UA6308007023
238,Харківська,Куп'янський р-н,Кіндрашівська сільська громада,сел. Просянка,UA6308007024
239,Харківська,Куп'янський р-н,Кіндрашівська сільська громада,сел. Цибівка,UA6308007032
240,Харківська,Куп'янський р-н,Кіндрашівська сільська громада,сел. Велика Шапківка,UA6308007005
241,Харківська,Куп'янський р-н,Кіндрашівська сільська громада,сел. Ковалівка,UA6308007014
242,Харківська,Куп'янський р-н,Кіндрашівська сільська громада,сел. Смородьківка,UA6308007029
243,Харківська,Куп'янський р-н,Кіндрашівська сільська громада,сел. Кіндрашівка,UA6308007001
244,Харківська,Куп'янський р-н,Кіндрашівська сільська громада,сел. Мала Шапківка,UA6308007016
245,Харківська,Куп'янський р-н,Кіндрашівська сільська громада,сел. Миколаївка Друга,UA6308007017
246,Харківська,Куп'янський р-н,Кіндрашівська сільська громада,сел. Московка,UA6308007020
247,Харківська,Куп'янський р-н,Кіндрашівська сільська громада,сел. Паламарівка,UA6308007022
248,Харківська,Куп'янський р-н,Кіндрашівська сільська громада,сел. Радьківка,UA6308007025
249,Харківська,Куп'янський р-н,Кіндрашівська сільська громада,сел. Селище,UA6308007028
250,Харківська,Куп'янський р-н,Кіндрашівська сільська громада,сел. Соболівка,UA6308007030
251,Харківська,Куп'янський р-н,Кіндрашівська сільська громада,сел. Тищенківка,UA6308007031
252,Харківська,Куп'янський р-н,Куп'янська міська громада,сел. Болдирівка,UA6308009004
253,Харківська,Куп'янський р-н,Куп'янська міська громада,сел. Осадьківка,UA6308009005
254,Харківська,Куп'янський р-н,Куп'янська міська громада,сел. Осиново,UA6308009006
255,Харківська,Куп'янський р-н,Куп'янська міська громада,сел. Пойдунівка,UA6308009007
256,Харківська,Куп'янський р-н,Куп'янська міська громада,сел. Пристін,UA6308009008
257,Харківська,Куп'янський р-н,Куп'янська міська громада,сел. Прокопівка,UA6308009009
258,Харківська,Куп'янський р-н,Куп'янська міська громада,сел. Сеньок,UA6308009010
259,Харківська,Куп'янський р-н,Куп'янська міська громада,сел. Стінка,UA6308009011
260,Харківська,Куп'янський р-н,Куп'янська міська громада,сел. Тамарганівка,UA6308009012
261,Харківська,Куп'янський р-н,Куп'янська міська громада,смт. Ківшарівка,UA6308009002
262,Харківська,Куп'янський р-н,Куп'янська міська громада,місто Куп’янськ,UA6308009001
263,Харківська,Куп'янський р-н,Куп'янська міська громада,смт. Куп’янськ-Вузловий,UA6308009003
264,Харківська,Куп'янський р-н,Курилівська сільська громада,сел. Глушківка,UA6308011004
265,Харківська,Куп'янський р-н,Курилівська сільська громада,сел. Кругляківка,UA6308011006
266,Харківська,Куп'янський р-н,Курилівська сільська громада,сел. Біле,UA6308011002
267,Харківська,Куп'янський р-н,Курилівська сільська громада,сел. Воронцівка,UA6308011003
268,Харківська,Куп'янський р-н,Курилівська сільська громада,сел. Лісна Стінка,UA6308011007
269,Харківська,Куп'янський р-н,Курилівська сільська громада,сел. Синиха,UA6308011011
270,Харківська,Куп'янський р-н,Курилівська сільська громада,сел. Хомине,UA6308011012
271,Харківська,Куп'янський р-н,Курилівська сільська громада,сел. Сенькове,UA6308011010
272,Харківська,Куп'янський р-н,Курилівська сільська громада,сел. Курилівка,UA6308011001
273,Харківська,Куп'янський р-н,Курилівська сільська громада,сел. Новоосинове,UA6308011008
274,Харківська,Куп'янський р-н,Курилівська сільська громада,хут. Піщане,UA6308011013
275,Харківська,Куп'янський р-н,Курилівська сільська громада,сел. Подоли,UA6308011009
276,Харківська,Куп'янський р-н,Петропавлівська сільська громада,сел. Кислівка,UA6308013005
277,Харківська,Куп'янський р-н,Петропавлівська сільська громада,сел. Котлярівка,UA6308013006
278,Харківська,Куп'янський р-н,Петропавлівська сільська громада,сел. Крохмальне,UA6308013007
279,Харківська,Куп'янський р-н,Петропавлівська сільська громада,сел. Табаївка,UA6308013015
280,Харківська,Куп'янський р-н,Петропавлівська сільська громада,сел. Затишне,UA6308013003
281,Харківська,Куп'янський р-н,Петропавлівська сільська громада,сел. Нова Тарасівка,UA6308013010
282,Харківська,Куп'янський р-н,Петропавлівська сільська громада,сел. Орлянка,UA6308013011
283,Харківська,Куп'янський р-н,Петропавлівська сільська громада,сел. Степова Новоселівка,UA6308013014
284,Харківська,Куп'янський р-н,Петропавлівська сільська громада,сел. Ягідне,UA6308013016
285,Харківська,Куп'янський р-н,Петропавлівська сільська громада,сел. Кучерівка,UA6308013008
286,Харківська,Куп'янський р-н,Петропавлівська сільська громада,сел. Синьківка,UA6308013013
287,Харківська,Куп'янський р-н,Шевченківська селищна громада,сел. Аркадівка,UA6308015002
288,Харківська,Куп'янський р-н,Шевченківська селищна громада,сел. Микільське,UA6308015025
289,Харківська,Куп'янський р-н,Шевченківська селищна громада,сел. Роздольне,UA6308015043
290,Харківська,Куп'янський р-н,Шевченківська селищна громада,сел. Безмятежне,UA6308015004
291,Харківська,Куп'янський р-н,Шевченківська селищна громада,сел. Кравцівка,UA6308015021
292,Харківська,Куп'янський р-н,Шевченківська селищна громада,сел. Миропілля,UA6308015026
293,Харківська,Куп'янський р-н,Шевченківська селищна громада,сел. Полтава,UA6308015041
294,Харківська,Куп'янський р-н,Шевченківська селищна громада,сел. Станіславка,UA6308015050
295,Харківська,Куп'янський р-н,Шевченківська селищна громада,сел. Старий Чизвик,UA6308015051
296,Харківська,Куп'янський р-н,Шевченківська селищна громада,сел. Баранове,UA6308015003
297,Харківська,Куп'янський р-н,Шевченківська селищна громада,хут. Борівське,UA6308015060
298,Харківська,Куп'янський р-н,Шевченківська селищна громада,сел. Василенкове,UA6308015007
299,Харківська,Куп'янський р-н,Шевченківська селищна громада,сел. Худоярове,UA6308015057
300,Харківська,Куп'янський р-н,Шевченківська селищна громада,сел. Великі Хутори,UA6308015008
301,Харківська,Куп'янський р-н,Шевченківська селищна громада,сел. Журавка,UA6308015016
302,Харківська,Куп'янський р-н,Шевченківська селищна громада,сел. Волоська Балаклія,UA6308015011
303,Харківська,Куп'янський р-н,Шевченківська селищна громада,сел. Гетьманівка,UA6308015012
304,Харківська,Куп'янський р-н,Шевченківська селищна громада,сел. Лелюківка,UA6308015022
305,Харківська,Куп'янський р-н,Шевченківська селищна громада,сел. Малі Кринки,UA6308015024
306,Харківська,Куп'янський р-н,Шевченківська селищна громада,сел. Мостове,UA6308015029
307,Харківська,Куп'янський р-н,Шевченківська селищна громада,сел. Тетянівка,UA6308015054
308,Харківська,Куп'янський р-н,Шевченківська селищна громада,сел. Володимирівка,UA6308015010
309,Харківська,Куп'янський р-н,Шевченківська селищна громада,сел. Нижній Бурлук,UA6308015030
310,Харківська,Куп'янський р-н,Шевченківська селищна громада,сел. Смолівка,UA6308015047
311,Харківська,Куп'янський р-н,Шевченківська селищна громада,смт. Шевченкове,UA6308015001
312,Харківська,Куп'янський р-н,Шевченківська селищна громада,сел. Шишківка,UA6308015059
313,Харківська,Куп'янський р-н,Шевченківська селищна громада,сел. Горожанівка,UA6308015013
314,Харківська,Куп'янський р-н,Шевченківська селищна громада,сел. Гроза,UA6308015014
315,Харківська,Куп'янський р-н,Шевченківська селищна громада,сел. Максимівка,UA6308015023
316,Харківська,Куп'янський р-н,Шевченківська селищна громада,сел. Олексіївка,UA6308015037
317,Харківська,Куп'янський р-н,Шевченківська селищна громада,сел. Самарське,UA6308015045
318,Харківська,Куп'янський р-н,Шевченківська селищна громада,сел. Ставище,UA6308015049
319,Харківська,Куп'янський р-н,Шевченківська селищна громада,сел. Сумське,UA6308015053
320,Харківська,Куп'янський р-н,Шевченківська селищна громада,сел. Богодарівка,UA6308015006
321,Харківська,Куп'янський р-н,Шевченківська селищна громада,сел. Новий Лиман,UA6308015031
322,Харківська,Куп'янський р-н,Шевченківська селищна громада,сел. Новостепанівка,UA6308015033
323,Харківська,Куп'янський р-н,Шевченківська селищна громада,сел. Сподобівка,UA6308015048
324,Харківська,Куп'янський р-н,Шевченківська селищна громада,сел. Старовірівка,UA6308015052
325,Харківська,Куп'янський р-н,Шевченківська селищна громада,сел. Верхньозорянське,UA6308015009
326,Харківська,Куп'янський р-н,Шевченківська селищна громада,сел. Зорянське,UA6308015017
327,Харківська,Куп'янський р-н,Шевченківська селищна громада,сел. Огурцівка,UA6308015034
328,Харківська,Куп'янський р-н,Шевченківська селищна громада,сел. Раївка,UA6308015042
329,Харківська,Куп'янський р-н,Шевченківська селищна громада,сел. Сазонівка,UA6308015044
330,Харківська,Куп'янський р-н,Шевченківська селищна громада,сел. Троїцьке,UA6308015055
331,Харківська,Харківський р-н,Дергачівська міська громада,сел. Безруки,UA6312007006
332,Харківська,Харківський р-н,Дергачівська міська громада,сел. Лещенки,UA6312007020
333,Харківська,Харківський р-н,Дергачівська міська громада,сел. Білаші,UA6312007007
334,Харківська,Харківський р-н,Дергачівська міська громада,сел. Болибоки,UA6312007008
335,Харківська,Харківський р-н,Дергачівська міська громада,місто Дергачі,UA6312007001
336,Харківська,Харківський р-н,Дергачівська міська громада,сел. Ємці,UA6312007016
337,Харківська,Харківський р-н,Дергачівська міська громада,сел. Замірці,UA6312007017
338,Харківська,Харківський р-н,Дергачівська міська громада,сел. Маслії,UA6312007023
339,Харківська,Харківський р-н,Дергачівська міська громада,сел. Семенівка,UA6312007027
340,Харківська,Харківський р-н,Дергачівська міська громада,сел. Шовкопляси,UA6312007034
341,Харківська,Харківський р-н,Дергачівська міська громада,хут. Ветеринарне,UA6312007036
342,Харківська,Харківський р-н,Дергачівська міська громада,сел. Гранів,UA6312007013
343,Харківська,Харківський р-н,Дергачівська міська громада,смт. Козача Лопань,UA6312007002
344,Харківська,Харківський р-н,Дергачівська міська громада,сел. Нова Козача,UA6312007025
345,Харківська,Харківський р-н,Дергачівська міська громада,сел. Шевченка,UA6312007033
346,Харківська,Харківський р-н,Дергачівська міська громада,сел. Алісівка,UA6312007005
347,Харківська,Харківський р-н,Дергачівська міська громада,сел. Великі Проходи,UA6312007010
348,Харківська,Харківський р-н,Дергачівська міська громада,сел. Висока Яруга,UA6312007011
349,Харківська,Харківський р-н,Дергачівська міська громада,сел. Малі Проходи,UA6312007022
350,Харківська,Харківський р-н,Дергачівська міська громада,смт. Прудянка,UA6312007003
351,Харківська,Харківський р-н,Дергачівська міська громада,сел. Цупівка,UA6312007031
352,Харківська,Харківський р-н,Дергачівська міська громада,сел. Шаповалівка,UA6312007032
353,Харківська,Харківський р-н,Дергачівська міська громада,хут. Нове,UA6312007037
354,Харківська,Харківський р-н,Дергачівська міська громада,хут. Питомник,UA6312007038
355,Харківська,Харківський р-н,Дергачівська міська громада,сел. Руська Лозова,UA6312007026
356,Харківська,Харківський р-н,Дергачівська міська громада,смт. Слатине,UA6312007004
357,Харківська,Харківський р-н,Дергачівська міська громада,сел. Солоний Яр,UA6312007028
358,Харківська,Харківський р-н,Дергачівська міська громада,сел. Гоптівка,UA6312007012
359,Харківська,Харківський р-н,Дергачівська міська громада,сел. Дементіївка,UA6312007014
360,Харківська,Харківський р-н,Дергачівська міська громада,сел. Дубівка,UA6312007015
361,Харківська,Харківський р-н,Дергачівська міська громада,сел. Кочубеївка,UA6312007018
362,Харківська,Харківський р-н,Дергачівська міська громада,сел. Кудіївка,UA6312007019
363,Харківська,Харківський р-н,Дергачівська міська громада,сел. Лобанівка,UA6312007021
364,Харківська,Харківський р-н,Дергачівська міська громада,сел. Токарівка,UA6312007029
365,Харківська,Харківський р-н,Дергачівська міська громада,сел. Токарівка Друга,UA6312007030
366,Харківська,Харківський р-н,Дергачівська міська громада,сел. Шопине,UA6312007035
367,Харківська,Харківський р-н,Дергачівська міська громада,сел. Мищенки,UA6312007024
368,Харківська,Харківський р-н,Липецька сільська громада,сел. Веселе,UA6312009004
369,Харківська,Харківський р-н,Липецька сільська громада,сел. Зелене,UA6312009005
370,Харківська,Харківський р-н,Липецька сільська громада,хут. Мале Веселе,UA6312009017
371,Харківська,Харківський р-н,Липецька сільська громада,сел. Нескучне,UA6312009009
372,Харківська,Харківський р-н,Липецька сільська громада,хут. Глибоке,UA6312009016
373,Харківська,Харківський р-н,Липецька сільська громада,сел. Красне,UA6312009006
374,Харківська,Харківський р-н,Липецька сільська громада,сел. Мороховець,UA6312009008
375,Харківська,Харківський р-н,Липецька сільська громада,сел. Борисівка,UA6312009002
376,Харківська,Харківський р-н,Липецька сільська громада,сел. Лук’янці,UA6312009007
377,Харківська,Харківський р-н,Липецька сільська громада,сел. Олійникове,UA6312009010
378,Харківська,Харківський р-н,Липецька сільська громада,сел. Перемога,UA6312009011
379,Харківська,Харківський р-н,Липецька сільська громада,сел. Тернова,UA6312009015
380,Харківська,Харківський р-н,Липецька сільська громада,сел. Борщова,UA6312009003
381,Харківська,Харківський р-н,Липецька сільська громада,сел. Липці,UA6312009001
382,Харківська,Харківський р-н,Липецька сільська громада,сел. Пильна,UA6312009012
383,Харківська,Харківський р-н,Липецька сільська громада,сел. Слобожанське,UA6312009013
384,Харківська,Харківський р-н,Липецька сільська громада,сел. Стрілеча,UA6312009014
385,Харківська,Чугуївський р-н,Вовчанська міська громада,смт. Білий Колодязь,UA6314001002
386,Харківська,Чугуївський р-н,Вовчанська міська громада,сел. Волохівське,UA6314001021
387,Харківська,Чугуївський р-н,Вовчанська міська громада,сел. Ганнопілля,UA6314001022
388,Харківська,Чугуївський р-н,Вовчанська міська громада,сел. Гарбузівка,UA6314001023
389,Харківська,Чугуївський р-н,Вовчанська міська громада,сел. Земляний Яр,UA6314001029
390,Харківська,Чугуївський р-н,Вовчанська міська громада,сел. Петропавлівка,UA6314001049
391,Харківська,Чугуївський р-н,Вовчанська міська громада,сел. Шевченкове Перше,UA6314001073
392,Харківська,Чугуївський р-н,Вовчанська міська громада,сел. Бугаївка,UA6314001009
393,Харківська,Чугуївський р-н,Вовчанська міська громада,сел. Лосівка,UA6314001040
394,Харківська,Чугуївський р-н,Вовчанська міська громада,сел. Сосновий Бір,UA6314001061
395,Харківська,Чугуївський р-н,Вовчанська міська громада,сел. Бузове,UA6314001012
396,Харківська,Чугуївський р-н,Вовчанська міська громада,смт. Вільча,UA6314001003
397,Харківська,Чугуївський р-н,Вовчанська міська громада,сел. Вовчанські Хутори,UA6314001019
398,Харківська,Чугуївський р-н,Вовчанська міська громада,сел. Зибине,UA6314001031
399,Харківська,Чугуївський р-н,Вовчанська міська громада,сел. Покаляне,UA6314001053
400,Харківська,Чугуївський р-н,Вовчанська міська громада,сел. Тихе,UA6314001063
401,Харківська,Чугуївський р-н,Вовчанська міська громада,сел. Бочкове,UA6314001008
402,Харківська,Чугуївський р-н,Вовчанська міська громада,сел. Волохівка,UA6314001020
403,Харківська,Чугуївський р-н,Вовчанська міська громада,сел. Караїчне,UA6314001034
404,Харківська,Чугуївський р-н,Вовчанська міська громада,сел. Мала Вовча,UA6314001043
405,Харківська,Чугуївський р-н,Вовчанська міська громада,сел. Охрімівка,UA6314001048
406,Харківська,Чугуївський р-н,Вовчанська міська громада,сел. Чайківка,UA6314001069
407,Харківська,Чугуївський р-н,Вовчанська міська громада,сел. Благодатне,UA6314001007
408,Харківська,Чугуївський р-н,Вовчанська міська громада,сел. Василівка,UA6314001015
409,Харківська,Чугуївський р-н,Вовчанська міська громада,сел. Захарівка,UA6314001028
410,Харківська,Чугуївський р-н,Вовчанська міська громада,сел. Іванівка,UA6314001032
411,Харківська,Чугуївський р-н,Вовчанська міська громада,сел. Бакшеївка,UA6314001005
412,Харківська,Чугуївський р-н,Вовчанська міська громада,сел. Вірівка,UA6314001018
413,Харківська,Чугуївський р-н,Вовчанська міська громада,сел. Лозове,UA6314001039
414,Харківська,Чугуївський р-н,Вовчанська міська громада,сел. Новоолександрівка,UA6314001046
415,Харківська,Чугуївський р-н,Вовчанська міська громада,сел. Верхній Салтів,UA6314001016
416,Харківська,Чугуївський р-н,Вовчанська міська громада,сел. Верхня Писарівка,UA6314001017
417,Харківська,Чугуївський р-н,Вовчанська міська громада,сел. Графське,UA6314001025
418,Харківська,Чугуївський р-н,Вовчанська міська громада,сел. Лиман,UA6314001038
419,Харківська,Чугуївський р-н,Вовчанська міська громада,сел. Симинівка,UA6314001059
420,Харківська,Чугуївський р-н,Вовчанська міська громада,сел. Синельникове,UA6314001060
421,Харківська,Чугуївський р-н,Вовчанська міська громада,сел. Шестерівка,UA6314001074
422,Харківська,Чугуївський р-н,Вовчанська міська громада,сел. Бугруватка,UA6314001010
423,Харківська,Чугуївський р-н,Вовчанська міська громада,сел. Гатище,UA6314001024
424,Харківська,Чугуївський р-н,Вовчанська міська громада,сел. Ізбицьке,UA6314001033
425,Харківська,Чугуївський р-н,Вовчанська міська громада,сел. Огірцеве,UA6314001047
426,Харківська,Чугуївський р-н,Вовчанська міська громада,сел. Приліпка,UA6314001054
427,Харківська,Чугуївський р-н,Вовчанська міська громада,сел. Стариця,UA6314001062
428,Харківська,Чугуївський р-н,Вовчанська міська громада,сел. Бережне,UA6314001006
429,Харківська,Чугуївський р-н,Вовчанська міська громада,сел. Котівка,UA6314001035
430,Харківська,Чугуївський р-н,Вовчанська міська громада,сел. Пільна,UA6314001050
431,Харківська,Чугуївський р-н,Вовчанська міська громада,сел. Українське,UA6314001065
432,Харківська,Чугуївський р-н,Вовчанська міська громада,сел. Шевченкове,UA6314001072
433,Харківська,Чугуївський р-н,Вовчанська міська громада,сел. Юрченкове,UA6314001075
434,Харківська,Чугуївський р-н,Вовчанська міська громада,сел. Українка,UA6314001064
435,Харківська,Чугуївський р-н,Вовчанська міська громада,сел. Байрак,UA6314001004
436,Харківська,Чугуївський р-н,Вовчанська міська громада,сел. Бударки,UA6314001011
437,Харківська,Чугуївський р-н,Вовчанська міська громада,сел. Варварівка,UA6314001013
438,Харківська,Чугуївський р-н,Вовчанська міська громада,місто Вовчанськ,UA6314001001
439,Харківська,Чугуївський р-н,Вовчанська міська громада,сел. Дегтярне,UA6314001026
440,Харківська,Чугуївський р-н,Вовчанська міська громада,сел. Замулівка,UA6314001027
441,Харківська,Чугуївський р-н,Вовчанська міська громада,сел. Землянки,UA6314001030
442,Харківська,Чугуївський р-н,Вовчанська міська громада,сел. Красний Яр,UA6314001036
443,Харківська,Чугуївський р-н,Вовчанська міська громада,сел. Кругле,UA6314001037
444,Харківська,Чугуївський р-н,Вовчанська міська громада,сел. Лошакове,UA6314001041
445,Харківська,Чугуївський р-н,Вовчанська міська громада,сел. Лукашове,UA6314001042
446,Харківська,Чугуївський р-н,Вовчанська міська громада,сел. Миколаївка,UA6314001044
447,Харківська,Чугуївський р-н,Вовчанська міська громада,сел. Нестерне,UA6314001045
448,Харківська,Чугуївський р-н,Вовчанська міська громада,сел. Піщане,UA6314001051
449,Харківська,Чугуївський р-н,Вовчанська міська громада,сел. Плетенівка,UA6314001052
450,Харківська,Чугуївський р-н,Вовчанська міська громада,сел. Рибалкине,UA6314001055
451,Харківська,Чугуївський р-н,Вовчанська міська громада,сел. Різникове,UA6314001056
452,Харківська,Чугуївський р-н,Вовчанська міська громада,сел. Рубіжне,UA6314001057
453,Харківська,Чугуївський р-н,Вовчанська міська громада,сел. Сердобине,UA6314001058
454,Харківська,Чугуївський р-н,Вовчанська міська громада,сел. Хижнякове,UA6314001066
455,Харківська,Чугуївський р-н,Вовчанська міська громада,сел. Хрипуни,UA6314001067
456,Харківська,Чугуївський р-н,Вовчанська міська громада,сел. Цегельне,UA6314001068
457,Харківська,Чугуївський р-н,Вовчанська міська громада,сел. Черняків,UA6314001070
458,Харківська,Чугуївський р-н,Вовчанська міська громада,сел. Шабельне,UA6314001071
459,Харківська,Чугуївський р-н,Малинівська селищна громада,смт. Малинівка,UA6314005001
460,Харківська,Чугуївський р-н,Малинівська селищна громада,сел. Мосьпанове,UA6314005002
461,Харківська,Чугуївський р-н,Малинівська селищна громада,сел. Стара Гнилиця,UA6314005003
462,Харківська,Чугуївський р-н,Печенізька селищна громада,сел. Артемівка,UA6314009002
463,Харківська,Чугуївський р-н,Печенізька селищна громада,сел. Ганнівка,UA6314009004
464,Харківська,Чугуївський р-н,Печенізька селищна громада,сел. Гарашківка,UA6314009005
465,Харківська,Чугуївський р-н,Печенізька селищна громада,сел. Гуслівка,UA6314009006
466,Харківська,Чугуївський р-н,Печенізька селищна громада,сел. Мартове,UA6314009008
467,Харківська,Чугуївський р-н,Печенізька селищна громада,сел. Новий Бурлук,UA6314009009
468,Харківська,Чугуївський р-н,Печенізька селищна громада,сел. Приморське,UA6314009011
469,Харківська,Чугуївський р-н,Печенізька селищна громада,сел. Кицівка,UA6314009007
470,Харківська,Чугуївський р-н,Печенізька селищна громада,сел. П’ятницьке,UA6314009012
471,Харківська,Чугуївський р-н,Печенізька селищна громада,смт. Печеніги,UA6314009001
472,Харківська,Чугуївський р-н,Старосалтівська селищна громада,сел. Вишневе,UA6314013003
473,Харківська,Чугуївський р-н,Старосалтівська селищна громада,сел. Гонтарівка,UA6314013004
474,Харківська,Чугуївський р-н,Старосалтівська селищна громада,сел. Дідівка,UA6314013005
475,Харківська,Чугуївський р-н,Старосалтівська селищна громада,сел. Паськівка,UA6314013011
476,Харківська,Чугуївський р-н,Старосалтівська селищна громада,сел. Радькове,UA6314013014
477,Харківська,Чугуївський р-н,Старосалтівська селищна громада,сел. Середівка,UA6314013015
478,Харківська,Чугуївський р-н,Старосалтівська селищна громада,сел. Томахівка,UA6314013016
479,Харківська,Чугуївський р-н,Старосалтівська селищна громада,сел. Широке,UA6314013020
480,Харківська,Чугуївський р-н,Старосалтівська селищна громада,сел. Кирилівка,UA6314013007
481,Харківська,Чугуївський р-н,Старосалтівська селищна громада,сел. Москалівка,UA6314013010
482,Харківська,Чугуївський р-н,Старосалтівська селищна громада,сел. Погоріле,UA6314013013
483,Харківська,Чугуївський р-н,Старосалтівська селищна громада,сел. Молодова,UA6314013009
484,Харківська,Чугуївський р-н,Старосалтівська селищна громада,сел. Березники,UA6314013002
485,Харківська,Чугуївський р-н,Старосалтівська селищна громада,сел. Зарічне,UA6314013006
486,Харківська,Чугуївський р-н,Старосалтівська селищна громада,сел. Металівка,UA6314013008
487,Харківська,Чугуївський р-н,Старосалтівська селищна громада,смт. Старий Салтів,UA6314013001
488,Харківська,Чугуївський р-н,Старосалтівська селищна громада,сел. Перківка,UA6314013012
489,Харківська,Чугуївський р-н,Старосалтівська селищна громада,смт. Хотімля,UA6314013018
490,Харківська,Чугуївський р-н,Старосалтівська селищна громада,сел. Федорівка,UA6314013017
491,Харківська,Чугуївський р-н,Старосалтівська селищна громада,сел. Шестакове,UA6314013019
492,Харківська,Чугуївський р-н,Чкаловська селищна громада,сел. Базаліївка,UA6314015002
493,Харківська,Чугуївський р-н,Чкаловська селищна громада,хут. Залізничне,UA6314015020
494,Харківська,Чугуївський р-н,Чкаловська селищна громада,сел. Ртищівка,UA6314015014
495,Харківська,Чугуївський р-н,Чкаловська селищна громада,сел. Коробочкине,UA6314015006
496,Харківська,Чугуївський р-н,Чкаловська селищна громада,сел. Осиковий Гай,UA6314015012
497,Харківська,Чугуївський р-н,Чкаловська селищна громада,сел. Леб’яже,UA6314015007
498,Харківська,Чугуївський р-н,Чкаловська селищна громада,сел. Пушкарне,UA6314015013
499,Харківська,Чугуївський р-н,Чкаловська селищна громада,сел. Таганка,UA6314015017
500,Харківська,Чугуївський р-н,Чкаловська селищна громада,хут. Дослідне,UA6314015019
501,Харківська,Чугуївський р-н,Чкаловська селищна громада,сел. Нова Гнилиця,UA6314015011
502,Харківська,Чугуївський р-н,Чкаловська селищна громада,смт. Чкаловське,UA6314015001
503,Харківська,Богодухівський рн,Богодухівська міська громада,сел. Губарівка,UA6302001014
504,Харківська,Богодухівський рн,Богодухівська міська громада,сел. Куп’єваха,UA6302001030
505,Харківська,Богодухівський рн,Богодухівська міська громада,сел. Полкова Микитівка,UA6302001052
506,Харківська,Богодухівський рн,Богодухівська міська громада,сел. Кручик,UA6302001029
507,Харківська,Богодухівський рн,Богодухівська міська громада,сел. Миролюбівка,UA6302001037
508,Харківська,Богодухівський рн,Богодухівська міська громада,сел. Павлівка,UA6302001045
509,Харківська,Богодухівський рн,Богодухівська міська громада,сел. Первухинка,UA6302001048
510,Харківська,Богодухівський рн,Богодухівська міська громада,смт Гути,UA6302001002
511,Харківська,Богодухівський рн,Богодухівська міська громада,сел. Бабаки,UA6302001004
512,Харківська,Богодухівський рн,Богодухівська міська громада,сел. Вінницькі Івани,UA6302001009
513,Харківська,Богодухівський рн,Богодухівська міська громада,сел. Гарбузи,UA6302001012
514,Харківська,Богодухівський рн,Богодухівська міська громада,сел. Горбанівка,UA6302001013
515,Харківська,Богодухівський рн,Богодухівська міська громада,сел. Дегтярі,UA6302001016
516,Харківська,Богодухівський рн,Богодухівська міська громада,сел. Дмитрівка,UA6302001017
517,Харківська,Богодухівський рн,Богодухівська міська громада,сел. Коротке,UA6302001026
518,Харківська,Богодухівський рн,Богодухівська міська громада,сел. Матвіївка,UA6302001035
519,Харківська,Богодухівський рн,Богодухівська міська громада,сел. Новософіївка,UA6302001042
520,Харківська,Богодухівський рн,Богодухівська міська громада,сел. Новоукраїнка,UA6302001043
521,Харківська,Богодухівський рн,Богодухівська міська громада,сел. Щербаки,UA6302001066
522,Харківська,Богодухівський рн,Богодухівська міська громада,хут. Степне,UA6302001076
523,Харківська,Богодухівський рн,Богодухівська міська громада,сел. Бабенки,UA6302001005
524,Харківська,Богодухівський рн,Богодухівська міська громада,сел. Кадниця,UA6302001022
525,Харківська,Богодухівський рн,Богодухівська міська громада,сел. Крисине,UA6302001027
526,Харківська,Богодухівський рн,Богодухівська міська громада,сел. Новоселівка,UA6302001040
527,Харківська,Богодухівський рн,Богодухівська міська громада,сел. Яблучне,UA6302001067
528,Харківська,Богодухівський рн,Богодухівська міська громада,хут. Балабанівка,UA6302001068
529,Харківська,Богодухівський рн,Богодухівська міська громада,хут. Максимівка,UA6302001073
530,Харківська,Богодухівський рн,Богодухівська міська громада,сел. Вертіївка ,UA6302001008
531,Харківська,Богодухівський рн,Богодухівська міська громада,сел. Крупчине ,UA6302001028
532,Харківська,Богодухівський рн,Богодухівська міська громада,сел. Ріпки ,UA6302001053
533,Харківська,Богодухівський рн,Богодухівська міська громада,сел. СазоноБаланівка ,UA6302001054
534,Харківська,Богодухівський рн,Богодухівська міська громада,хут. Горького гоький,UA6302001071
535,Харківська,Богодухівський рн,Богодухівська міська громада,сел. Братениця,UA6302001007
536,Харківська,Богодухівський рн,Богодухівська міська громада,сел. Воскобійники,UA6302001010
537,Харківська,Богодухівський рн,Богодухівська міська громада,сел. Заброди,UA6302001018
538,Харківська,Богодухівський рн,Богодухівська міська громада,сел. Зарябинка,UA6302001019
539,Харківська,Богодухівський рн,Богодухівська міська громада,сел. ІваноШийчине,UA6302001021
540,Харківська,Богодухівський рн,Богодухівська міська громада,сел. Кленове,UA6302001024
541,Харківська,Богодухівський рн,Богодухівська міська громада,сел. Леськівка,UA6302001031
542,Харківська,Богодухівський рн,Богодухівська міська громада,сел. Лозова,UA6302001032
543,Харківська,Богодухівський рн,Богодухівська міська громада,сел. Пісочин,UA6302001051
544,Харківська,Богодухівський рн,Богодухівська міська громада,сел. Сінне,UA6302001056
545,Харківська,Богодухівський рн,Богодухівська міська громада,сел. Філатове,UA6302001060
546,Харківська,Богодухівський рн,Богодухівська міська громада,сел. Шигимагине,UA6302001062
547,Харківська,Богодухівський рн,Богодухівська міська громада,сел. Шийчине,UA6302001063
548,Харківська,Богодухівський рн,Богодухівська міська громада,сел. Шуби,UA6302001065
549,Харківська,Богодухівський рн,Богодухівська міська громада,хут. Мала Іванівка,UA6302001074
550,Харківська,Богодухівський рн,Богодухівська міська громада,хут. Таверівка,UA6302001077
551,Харківська,Богодухівський рн,Богодухівська міська громада,сел. Воскресенівка,UA6302001011
552,Харківська,Богодухівський рн,Богодухівська міська громада,сел. Дев’ятибратове,UA6302001015
553,Харківська,Богодухівський рн,Богодухівська міська громада,сел. Корбині Івани,UA6302001025
554,Харківська,Богодухівський рн,Богодухівська міська громада,сел. Мар’їне,UA6302001033
555,Харківська,Богодухівський рн,Богодухівська міська громада,сел. Шкарлати,UA6302001064
556,Харківська,Богодухівський рн,Богодухівська міська громада,хут. Зарічне,UA6302001072
557,Харківська,Богодухівський рн,Богодухівська міська громада,хут. Улянівка,UA6302001078
558,Харківська,Богодухівський рн,Богодухівська міська громада,сел. Кияни,UA6302001023
559,Харківська,Богодухівський рн,Богодухівська міська громада,сел. Павлове,UA6302001046
560,Харківська,Богодухівський рн,Богодухівська міська громада,сел. Скосогорівка,UA6302001057
561,Харківська,Богодухівський рн,Богодухівська міська громада,сел. Сухини,UA6302001058
562,Харківська,Богодухівський рн,Богодухівська міська громада,сел. Хрущова Микитівка,UA6302001061
563,Харківська,Богодухівський рн,Богодухівська міська громада,смт Шарівка,UA6302001003
564,Харківська,Богодухівський рн,Богодухівська міська громада,хут. Вікторівка,UA6302001069
565,Харківська,Богодухівський рн,Богодухівська міська громада,хут. Гавриші,UA6302001070
566,Харківська,Богодухівський рн,Богодухівська міська громада,хут. Першотравневе,UA6302001049
567,Харківська,Богодухівський рн,Богодухівська міська громада,місто Богодухів,UA6302001001
568,Харківська,Богодухівський рн,Богодухівська міська громада,сел. Москаленки,UA6302001038
569,Харківська,Богодухівський рн,Богодухівська міська громада,сел. Мусійки,UA6302001039
570,Харківська,Богодухівський рн,Богодухівська міська громада,сел. Паляничники,UA6302001047
571,Харківська,Богодухівський рн,Богодухівська міська громада,сел. Семенів Яр,UA6302001055
572,Харківська,Харківський рн,Циркунівська сільська громада,сел. Бутенкове,UA6312029002
573,Харківська,Харківський рн,Циркунівська сільська громада,сел. Михайлівка,UA6312029003
574,Харківська,Харківський рн,Циркунівська сільська громада,сел. Руські Тишки,UA6312029006
575,Харківська,Харківський рн,Циркунівська сільська громада,сел. Циркуни,UA6312029001
576,Харківська,Харківський рн,Циркунівська сільська громада,сел. Черкаські Тишки,UA6312029008
577,Харківська,Харківський рн,Циркунівська сільська громада,сел. Черняки,UA6312029009
578,Харківська,Богодухівський рн,Золочівська селищна громада,сел. Велика Рогозянка,UA6302005008
579,Харківська,Богодухівський рн,Золочівська селищна громада,сел. Гуринівка,UA6302005014
580,Харківська,Богодухівський рн,Золочівська селищна громада,сел. Сковородинівка,UA6302005049
581,Харківська,Богодухівський рн,Золочівська селищна громада,сел. Вікнине,UA6302005010
582,Харківська,Богодухівський рн,Золочівська селищна громада,сел. Довжик,UA6302005017
583,Харківська,Богодухівський рн,Золочівська селищна громада,сел. Першотравневе,UA6302005071
584,Харківська,Богодухівський рн,Золочівська селищна громада,сел. Рідний Край,UA6302005045
585,Харківська,Богодухівський рн,Золочівська селищна громада,сел. Березівка,UA6302005005
586,Харківська,Богодухівський рн,Золочівська селищна громада,сел. Бугаї Другі,UA6302005007
587,Харківська,Богодухівський рн,Золочівська селищна громада,сел. Зрубанка,UA6302005021
588,Харківська,Богодухівський рн,Золочівська селищна громада,сел. Літвіново,UA6302005027
589,Харківська,Богодухівський рн,Золочівська селищна громада,сел. Макариха,UA6302005029
590,Харківська,Богодухівський рн,Золочівська селищна громада,сел. Орішанка,UA6302005041
591,Харківська,Богодухівський рн,Золочівська селищна громада,сел. Розсохувате,UA6302005046
592,Харківська,Богодухівський рн,Золочівська селищна громада,сел. Сніги,UA6302005051
593,Харківська,Богодухівський рн,Золочівська селищна громада,смт Золочів,UA6302005001
594,Харківська,Богодухівський рн,Золочівська селищна громада,сел. Калинове,UA6302005065
595,Харківська,Богодухівський рн,Золочівська селищна громада,сел. Карасівка,UA6302005023
596,Харківська,Богодухівський рн,Золочівська селищна громада,сел. Миронівка,UA6302005036
597,Харківська,Богодухівський рн,Золочівська селищна громада,сел. Чорноглазівка,UA6302005062
598,Харківська,Богодухівський рн,Золочівська селищна громада,сел. Вільшанське,UA6302005011
599,Харківська,Богодухівський рн,Золочівська селищна громада,сел. Зіньківське,UA6302005020
600,Харківська,Богодухівський рн,Золочівська селищна громада,сел. Мала Рогозянка,UA6302005031
601,Харківська,Богодухівський рн,Золочівська селищна громада,сел. Андріївка,UA6302005002
602,Харківська,Богодухівський рн,Золочівська селищна громада,сел. Баранівка,UA6302005003
603,Харківська,Богодухівський рн,Золочівська селищна громада,сел. Басове,UA6302005004
604,Харківська,Богодухівський рн,Золочівська селищна громада,сел. Борохи,UA6302005006
605,Харківська,Богодухівський рн,Золочівська селищна громада,сел. Гресі,UA6302005013
606,Харківська,Богодухівський рн,Золочівська селищна громада,сел. Гур'їв Козачок,UA6302005016
607,Харківська,Богодухівський рн,Золочівська селищна громада,сел. Івашки,UA6302005022
608,Харківська,Богодухівський рн,Золочівська селищна громада,сел. Ковалі,UA6302005024
609,Харківська,Богодухівський рн,Золочівська селищна громада,сел. Мартинівка,UA6302005033
610,Харківська,Богодухівський рн,Золочівська селищна громада,сел. Муравське,UA6302005067
611,Харківська,Богодухівський рн,Золочівська селищна громада,сел. Одноробівка,UA6302005038
612,Харківська,Богодухівський рн,Золочівська селищна громада,сел. Перовське,UA6302005070
613,Харківська,Богодухівський рн,Золочівська селищна громада,сел. Петрівка,UA6302005042
614,Харківська,Богодухівський рн,Золочівська селищна громада,сел. Постольне,UA6302005044
615,Харківська,Богодухівський рн,Золочівська селищна громада,сел. Сотницький Козачок,UA6302005053
616,Харківська,Богодухівський рн,Золочівська селищна громада,сел. Стогнії,UA6302005054
617,Харківська,Богодухівський рн,Золочівська селищна громада,сел. Цилюрики,UA6302005059
618,Харківська,Богодухівський рн,Золочівська селищна громада,сел. Завадське,UA6302005019
619,Харківська,Богодухівський рн,Золочівська селищна громада,сел. Олександрівка,UA6302005040
620,Харківська,Богодухівський рн,Золочівська селищна громада,сел. Скорики,UA6302005050
621,Харківська,Богодухівський рн,Золочівська селищна громада,сел. Тимофіївка,UA6302005073
622,Харківська,Богодухівський рн,Золочівська селищна громада,сел. Широкий ЯР,UA6302005063
623,Харківська,Богодухівський рн,Золочівська селищна громада,сел. Гурїв,UA6302005015
624,Харківська,Богодухівський рн,Золочівська селищна громада,сел. Леміщине,UA6302005026
625,Харківська,Богодухівський рн,Золочівська селищна громада,сел. Малижине,UA6302005032
626,Харківська,Богодухівський рн,Золочівська селищна громада,сел. Мерло,UA6302005035
627,Харківська,Богодухівський рн,Золочівська селищна громада,сел. Морозова Долина,UA6302005037
628,Харківська,Богодухівський рн,Золочівська селищна громада,сел. Писарівка,UA6302005043
629,Харківська,Богодухівський рн,Золочівська селищна громада,сел. Рясне,UA6302005047
630,Харківська,Богодухівський рн,Золочівська селищна громада,сел. Дуванка,UA6302005018
631,Харківська,Богодухівський рн,Золочівська селищна громада,сел. Макарове,UA6302005030
632,Харківська,Богодухівський рн,Золочівська селищна громада,сел. Світличне,UA6302005048
633,Харківська,Богодухівський рн,Золочівська селищна громада,сел. Соснівка,UA6302005052
634,Харківська,Богодухівський рн,Золочівська селищна громада,сел. Турове,UA6302005055
635,Харківська,Богодухівський рн,Золочівська селищна громада,сел. Костянтинівка,UA6302005025
636,Харківська,Богодухівський рн,Золочівська селищна громада,сел. Окіп,UA6302005039
637,Харківська,Богодухівський рн,Золочівська селищна громада,сел. Червона Зоря,UA6302005061
638,Харківська,Богодухівський рн,Золочівська селищна громада,сел. Високе,UA6302005009
639,Харківська,Богодухівський рн,Золочівська селищна громада,сел. Головашівка,UA6302005012
640,Харківська,Богодухівський рн,Золочівська селищна громада,сел. Малі Феськи,UA6302005066
641,Харківська,Богодухівський рн,Золочівська селищна громада,сел. Маяк,UA6302005034
642,Харківська,Богодухівський рн,Золочівська селищна громада,сел. Феськи,UA6302005057
643,Харківська,Богодухівський рн,Золочівська селищна громада,сел. Чепелі,UA6302005060
644,Харківська,Богодухівський рн,Золочівська селищна громада,сел. Відродженівське,UA6302005064
645,Харківська,Богодухівський рн,Золочівська селищна громада,сел. Лютівка,UA6302005028
646,Харківська,Богодухівський рн,Золочівська селищна громада,сел. Цапівка,UA6302005058