№,Область,Район,Тергромада,Назва НП
1,Запорізька,Бердянський,Андрівська,Андрівка
2,Запорізька,Бердянський,Андрівська,Новотроїцьке
3,Запорізька,Бердянський,Андрівська,Полоузівка
4,Запорізька,Бердянський,Андрівська,Трояни
5,Запорізька,Бердянський,Андріївська,Андріївка
6,Запорізька,Бердянський,Андріївська,Дахно
7,Запорізька,Бердянський,Андріївська,Дмитрівка
8,Запорізька,Бердянський,Андріївська,Долинське
9,Запорізька,Бердянський,Андріївська,Іванівка
10,Запорізька,Бердянський,Андріївська,Коза
11,Запорізька,Бердянський,Андріївська,Кримка
12,Запорізька,Бердянський,Андріївська,Новосільське
13,Запорізька,Бердянський,Андріївська,Оленівка
14,Запорізька,Бердянський,Андріївська,Сахно
15,Запорізька,Бердянський,Андріївська,Софіївка
16,Запорізька,Бердянський,Андріївська,Успенівка
17,Запорізька,Бердянський,Андріївська,Шевченка
18,Запорізька,Бердянський,Андріївська,Шевченкове
19,Запорізька,Бердянський,Бердянська,Бердянськ
20,Запорізька,Бердянський,Бердянська,Азовське
21,Запорізька,Бердянський,Бердянська,Нововасилівка
22,Запорізька,Бердянський,Бердянська,Роза
23,Запорізька,Бердянський,Бердянська,Шовкове
24,Запорізька,Бердянський,Берестівська,Берестове
25,Запорізька,Бердянський,Берестівська,Глодове
26,Запорізька,Бердянський,Берестівська,Довбине
27,Запорізька,Бердянський,Берестівська,Калайтанівка
28,Запорізька,Бердянський,Берестівська,Малинівка
29,Запорізька,Бердянський,Берестівська,Миколаївка
30,Запорізька,Бердянський,Берестівська,Новоіванівка
31,Запорізька,Бердянський,Берестівська,Новосолдатське
32,Запорізька,Бердянський,Берестівська,Радивонівка
33,Запорізька,Бердянський,Берестівська,Сачки
34,Запорізька,Бердянський,Берестівська,Троїцьке
35,Запорізька,Бердянський,Осипенківська,Бердянське
36,Запорізька,Бердянський,Осипенківська,Деревецьке
37,Запорізька,Бердянський,Осипенківська,Куликівське
38,Запорізька,Бердянський,Осипенківська,Новопетрівка
39,Запорізька,Бердянський,Осипенківська,Осипенко
40,Запорізька,Бердянський,Осипенківська,Старопетрівка
41,Запорізька,Бердянський,Осипенківська,Червоне Поле
42,Запорізька,Бердянський,Приморська,Приморськ
43,Запорізька,Бердянський,Приморська,Азов
44,Запорізька,Бердянський,Приморська,Банівка
45,Запорізька,Бердянський,Приморська,Борисівка
46,Запорізька,Бердянський,Приморська,Вячеславка
47,Запорізька,Бердянський,Приморська,Інзівка
48,Запорізька,Бердянський,Приморська,Калинівка
49,Запорізька,Бердянський,Приморська,Комишуватка
50,Запорізька,Бердянський,Приморська,Лозанівка
51,Запорізька,Бердянський,Приморська,Лозуватка
52,Запорізька,Бердянський,Приморська,Мануйлівка
53,Запорізька,Бердянський,Приморська,Маринівка
54,Запорізька,Бердянський,Приморська,Набережне
55,Запорізька,Бердянський,Приморська,Новоолексіївка
56,Запорізька,Бердянський,Приморська,Новопавлівка
57,Запорізька,Бердянський,Приморська,Орлівка
58,Запорізька,Бердянський,Приморська,Петрівка
59,Запорізька,Бердянський,Приморська,Подспор'є
60,Запорізька,Бердянський,Приморська,Преслав
61,Запорізька,Бердянський,Приморська,Райнівка
62,Запорізька,Бердянський,Софіївська,Софіївка
63,Запорізька,Бердянський,Софіївська,Гюнівка
64,Запорізька,Бердянський,Софіївська,Єлизаветівка
65,Запорізька,Бердянський,Софіївська,Єлизаветівка
66,Запорізька,Бердянський,Софіївська,Єлисеївка
67,Запорізька,Бердянський,Софіївська,Зеленівка
68,Запорізька,Бердянський,Софіївська,Нельгівка
69,Запорізька,Бердянський,Софіївська,Нельгівка
70,Запорізька,Бердянський,Софіївська,Підгірне
71,Запорізька,Бердянський,Софіївська,Радолівка
72,Запорізька,Бердянський,Софіївська,Юр'ївка
73,Запорізька,Бердянський,Чернігівська,Чернігівка
74,Запорізька,Бердянський,Чернігівська,Балашівка
75,Запорізька,Бердянський,Чернігівська,Благодатне
76,Запорізька,Бердянський,Чернігівська,Богданівка
77,Запорізька,Бердянський,Чернігівська,Бойове
78,Запорізька,Бердянський,Чернігівська,Верхній Токмак
79,Запорізька,Бердянський,Чернігівська,Верхній Токмак Другий
80,Запорізька,Бердянський,Чернігівська,Верхній Токмак Перший
81,Запорізька,Бердянський,Чернігівська,Владівка
82,Запорізька,Бердянський,Чернігівська,Довге
83,Запорізька,Бердянський,Чернігівська,Замістя
84,Запорізька,Бердянський,Чернігівська,Зелений Яр
85,Запорізька,Бердянський,Чернігівська,Зоря
86,Запорізька,Бердянський,Чернігівська,Ільїне
87,Запорізька,Бердянський,Чернігівська,Калинівка
88,Запорізька,Бердянський,Чернігівська,Кам'янка
89,Запорізька,Бердянський,Чернігівська,Квіткове
90,Запорізька,Бердянський,Чернігівська,Котлярівка
91,Запорізька,Бердянський,Чернігівська,Красне
92,Запорізька,Бердянський,Чернігівська,Крижчене
93,Запорізька,Бердянський,Чернігівська,Ланкове
94,Запорізька,Бердянський,Чернігівська,Могиляни
95,Запорізька,Бердянський,Чернігівська,Мокрий Став
96,Запорізька,Бердянський,Чернігівська,Нижній Токмак
97,Запорізька,Бердянський,Чернігівська,Новоказанкувате
98,Запорізька,Бердянський,Чернігівська,Новомихайлівка
99,Запорізька,Бердянський,Чернігівська,Новополтавка
100,Запорізька,Бердянський,Чернігівська,Обіточне
101,Запорізька,Бердянський,Чернігівська,Олександрівка
102,Запорізька,Бердянський,Чернігівська,Петропавлівка
103,Запорізька,Бердянський,Чернігівська,Пірчине
104,Запорізька,Бердянський,Чернігівська,Просторе
105,Запорізька,Бердянський,Чернігівська,Розівка
106,Запорізька,Бердянський,Чернігівська,Салтичія
107,Запорізька,Бердянський,Чернігівська,Степове
108,Запорізька,Бердянський,Чернігівська,Стульневе
109,Запорізька,Бердянський,Чернігівська,Стульневе
110,Запорізька,Бердянський,Чернігівська,Тарасівка
111,Запорізька,Бердянський,Чернігівська,Хмельницьке
112,Запорізька,Бердянський,Чернігівська,Чернігово-Токмачанськ
113,Запорізька,Бердянський,Чернігівська,Широкий Яр
114,Запорізька,Василівський,Благовіщенська,Благовіщенка
115,Запорізька,Василівський,Благовіщенська,Гуртове
116,Запорізька,Василівський,Благовіщенська,Іванівка
117,Запорізька,Василівський,Благовіщенська,Новодніпровка
118,Запорізька,Василівський,Благовіщенська,Подове
119,Запорізька,Василівський,Благовіщенська,Цвіткове
120,Запорізька,Василівський,Благовіщенська,Шляхове
121,Запорізька,Василівський,Василівська,Василівка
122,Запорізька,Василівський,Василівська,Верхня Криниця
123,Запорізька,Василівський,Василівська,Гладке
124,Запорізька,Василівський,Василівська,Грозове
125,Запорізька,Василівський,Василівська,Долинка
126,Запорізька,Василівський,Василівська,Зелений Гай
127,Запорізька,Василівський,Василівська,Кам'янське
128,Запорізька,Василівський,Василівська,Коновалова
129,Запорізька,Василівський,Василівська,Лісне
130,Запорізька,Василівський,Василівська,Лугове
131,Запорізька,Василівський,Василівська,Переможне
132,Запорізька,Василівський,Василівська,Першотравневе
133,Запорізька,Василівський,Василівська,Підгірне
134,Запорізька,Василівський,Василівська,Плавні
135,Запорізька,Василівський,Василівська,Скельки
136,Запорізька,Василівський,Василівська,Тернувате
137,Запорізька,Василівський,Василівська,Шевченка
138,Запорізька,Василівський,Василівська,Широке
139,Запорізька,Василівський,Великобілозерська,Велика Білозерка
140,Запорізька,Василівський,Великобілозерська,Гюнівка
141,Запорізька,Василівський,Великобілозерська,Зелена Балка
142,Запорізька,Василівський,Великобілозерська,Качкарівка
143,Запорізька,Василівський,Великобілозерська,Новопетрівка
144,Запорізька,Василівський,Водянська,Водяне
145,Запорізька,Василівський,Водянська,Дніпровка
146,Запорізька,Василівський,Водянська,Заповітне
147,Запорізька,Василівський,Водянська,Мічуріна
148,Запорізька,Василівський,Водянська,Нововодяне
149,Запорізька,Василівський,Водянська,Новоукраїнка
150,Запорізька,Василівський,Водянська,Примірне
151,Запорізька,Василівський,Водянська,Степове
152,Запорізька,Василівський,Дніпрорудненська,Дніпрорудне
153,Запорізька,Василівський,Дніпрорудненська,Златопіль
154,Запорізька,Василівський,Дніпрорудненська,Маячка
155,Запорізька,Василівський,Енергодарська,Енергодар
156,Запорізька,Василівський,Кам’янсько-Дніпровська,Кам'янка-Дніпровська
157,Запорізька,Василівський,Кам’янсько-Дніпровська,Велика Знам'янка
158,Запорізька,Василівський,Кам’янсько-Дніпровська,Новоолексіївка
159,Запорізька,Василівський,Малобілозерська,Балки
160,Запорізька,Василівський,Малобілозерська,Відножине
161,Запорізька,Василівський,Малобілозерська,Мала Білозерка
162,Запорізька,Василівський,Малобілозерська,Новобілозерка
163,Запорізька,Василівський,Малобілозерська,Орлянське
164,Запорізька,Василівський,Малобілозерська,Тополине
165,Запорізька,Василівський,Малобілозерська,Улянівка
166,Запорізька,Василівський,Малобілозерська,Ясна Поляна
167,Запорізька,Василівський,Михайлівська,Михайлівка
168,Запорізька,Василівський,Михайлівська,Пришиб
169,Запорізька,Василівський,Михайлівська,Бурчак
170,Запорізька,Василівський,Михайлівська,Вовківка
171,Запорізька,Василівський,Михайлівська,Нововолодимирівка
172,Запорізька,Василівський,Михайлівська,Першотравневе
173,Запорізька,Василівський,Михайлівська,Петрівка
174,Запорізька,Василівський,Михайлівська,Розівка
175,Запорізька,Василівський,Михайлівська,Слов'янка
176,Запорізька,Василівський,Михайлівська,Смиренівка
177,Запорізька,Василівський,Михайлівська,Тарсалак
178,Запорізька,Василівський,Михайлівська,Тимошівка
179,Запорізька,Василівський,Роздольська,Абрикосівка
180,Запорізька,Василівський,Роздольська,Барвінівка
181,Запорізька,Василівський,Роздольська,Виноградівка
182,Запорізька,Василівський,Роздольська,Високе
183,Запорізька,Василівський,Роздольська,Вишневе
184,Запорізька,Василівський,Роздольська,Вишнівка
185,Запорізька,Василівський,Роздольська,Водне
186,Запорізька,Василівський,Роздольська,Володимирівка
187,Запорізька,Василівський,Роздольська,Дніпровка
188,Запорізька,Василівський,Роздольська,Завітне
189,Запорізька,Василівський,Роздольська,Зелений Гай
190,Запорізька,Василівський,Роздольська,Кавунівка
191,Запорізька,Василівський,Роздольська,Кохане
192,Запорізька,Василівський,Роздольська,Лиманівка
193,Запорізька,Василівський,Роздольська,Любимівка
194,Запорізька,Василівський,Роздольська,Нове Поле
195,Запорізька,Василівський,Роздольська,Новогорівка
196,Запорізька,Василівський,Роздольська,Новолюбимівка
197,Запорізька,Василівський,Роздольська,Переможне
198,Запорізька,Василівський,Роздольська,Рівне
199,Запорізька,Василівський,Роздольська,Роздол
200,Запорізька,Василівський,Роздольська,Садове
201,Запорізька,Василівський,Роздольська,Солов'ївка
202,Запорізька,Василівський,Роздольська,Степове
203,Запорізька,Василівський,Роздольська,Суворе
204,Запорізька,Василівський,Роздольська,Таврія
205,Запорізька,Василівський,Роздольська,Тракторне
206,Запорізька,Василівський,Роздольська,Трудовик
207,Запорізька,Василівський,Роздольська,Трудолюбимівка
208,Запорізька,Василівський,Роздольська,Українка
209,Запорізька,Василівський,Роздольська,Чорноземне
210,Запорізька,Василівський,Роздольська,Шевченка
211,Запорізька,Василівський,Степногірська,Степногірськ
212,Запорізька,Василівський,Степногірська,Жереб'янки
213,Запорізька,Василівський,Степногірська,Лобкове
214,Запорізька,Василівський,Степногірська,Лук'янівське
215,Запорізька,Василівський,Степногірська,Малі Щербаки
216,Запорізька,Василівський,Степногірська,Павлівка
217,Запорізька,Василівський,Степногірська,Приморське
218,Запорізька,Василівський,Степногірська,П'ятихатки
219,Запорізька,Василівський,Степногірська,Степове
220,Запорізька,Запорізький,Біленьківська,Біленьке
221,Запорізька,Запорізький,Біленьківська,Біленьке Перше
222,Запорізька,Запорізький,Біленьківська,Канівське
223,Запорізька,Запорізький,Біленьківська,Лисогірка
224,Запорізька,Запорізький,Біленьківська,Мар'ївка
225,Запорізька,Запорізький,Біленьківська,Новосергіївка
226,Запорізька,Запорізький,Біленьківська,Смоляне
227,Запорізька,Запорізький,Біленьківська,Уділенське
228,Запорізька,Запорізький,Біленьківська,Червонодніпровка
229,Запорізька,Запорізький,Вільнянська,Вільнянськ
230,Запорізька,Запорізький,Вільнянська,Аграфенівка
231,Запорізька,Запорізький,Вільнянська,Веселотернувате
232,Запорізька,Запорізький,Вільнянська,Вишняки
233,Запорізька,Запорізький,Вільнянська,Вільнянка
234,Запорізька,Запорізький,Вільнянська,Гарасівка
235,Запорізька,Запорізький,Вільнянська,Грізне
236,Запорізька,Запорізький,Вільнянська,Дерезівка
237,Запорізька,Запорізький,Вільнянська,Козаківське
238,Запорізька,Запорізький,Вільнянська,Любимівка
239,Запорізька,Запорізький,Вільнянська,Новогупалівка
240,Запорізька,Запорізький,Вільнянська,Новотроїцьке
241,Запорізька,Запорізький,Вільнянська,Петрівське
242,Запорізька,Запорізький,Вільнянська,Скелювате
243,Запорізька,Запорізький,Вільнянська,Смородине
244,Запорізька,Запорізький,Вільнянська,Якимівське
245,Запорізька,Запорізький,Долинська,Бабурка
246,Запорізька,Запорізький,Долинська,Високогірне
247,Запорізька,Запорізький,Долинська,Долинське
248,Запорізька,Запорізький,Долинська,Канцерівка
249,Запорізька,Запорізький,Долинська,Нижня Хортиця
250,Запорізька,Запорізький,Долинська,Нове Запоріжжя
251,Запорізька,Запорізький,Долинська,Новослобідка
252,Запорізька,Запорізький,Долинська,Розумівка
253,Запорізька,Запорізький,Долинська,Хортиця
254,Запорізька,Запорізький,Запорізька,Запоріжжя
255,Запорізька,Запорізький,Комишуваська,Комишуваха
256,Запорізька,Запорізький,Комишуваська,Блакитне
257,Запорізька,Запорізький,Комишуваська,Веселе
258,Запорізька,Запорізький,Комишуваська,Вільне
259,Запорізька,Запорізький,Комишуваська,Григорівське
260,Запорізька,Запорізький,Комишуваська,Дружне
261,Запорізька,Запорізький,Комишуваська,Дудникове
262,Запорізька,Запорізький,Комишуваська,Жовта Круча
263,Запорізька,Запорізький,Комишуваська,Жовтеньке
264,Запорізька,Запорізький,Комишуваська,Запасне
265,Запорізька,Запорізький,Комишуваська,Зарічне
266,Запорізька,Запорізький,Комишуваська,Калинівка
267,Запорізька,Запорізький,Комишуваська,Кирпотине
268,Запорізька,Запорізький,Комишуваська,Кущове
269,Запорізька,Запорізький,Комишуваська,Магдалинівка
270,Запорізька,Запорізький,Комишуваська,Новобойківське
271,Запорізька,Запорізький,Комишуваська,Новоіванівка
272,Запорізька,Запорізький,Комишуваська,Новомихайлівка
273,Запорізька,Запорізький,Комишуваська,Новорозівка
274,Запорізька,Запорізький,Комишуваська,Новотавричеське
275,Запорізька,Запорізький,Комишуваська,Новотроїцьке
276,Запорізька,Запорізький,Комишуваська,Новояковлівка
277,Запорізька,Запорізький,Комишуваська,Одарівка
278,Запорізька,Запорізький,Комишуваська,Оленівка
279,Запорізька,Запорізький,Комишуваська,Славне
280,Запорізька,Запорізький,Комишуваська,Тарасівка
281,Запорізька,Запорізький,Комишуваська,Трудолюбівка
282,Запорізька,Запорізький,Комишуваська,Трудооленівка
283,Запорізька,Запорізький,Комишуваська,Щасливе
284,Запорізька,Запорізький,Комишуваська,Ясна Поляна
285,Запорізька,Запорізький,Кушугумська,Балабине
286,Запорізька,Запорізький,Кушугумська,Кушугум
287,Запорізька,Запорізький,Кушугумська,Малокатеринівка
288,Запорізька,Запорізький,Матвіївська,Кам'яне
289,Запорізька,Запорізький,Матвіївська,Бекарівка
290,Запорізька,Запорізький,Матвіївська,Гасанівка
291,Запорізька,Запорізький,Матвіївська,Дружелюбівка
292,Запорізька,Запорізький,Матвіївська,Купріянівка
293,Запорізька,Запорізький,Матвіївська,Мала Купріянівка
294,Запорізька,Запорізький,Матвіївська,Матвіївка
295,Запорізька,Запорізький,Матвіївська,Новоіванівське
296,Запорізька,Запорізький,Матвіївська,Новософіївка
297,Запорізька,Запорізький,Матвіївська,Троянди
298,Запорізька,Запорізький,Матвіївська,Українка
299,Запорізька,Запорізький,Матвіївська,Яковлеве
300,Запорізька,Запорізький,Михайлівська,Андріївка
301,Запорізька,Запорізький,Михайлівська,Богатирівка
302,Запорізька,Запорізький,Михайлівська,Василівське
303,Запорізька,Запорізький,Михайлівська,Вільноандріївка
304,Запорізька,Запорізький,Михайлівська,Вільногрушівське
305,Запорізька,Запорізький,Михайлівська,Вільнокур'янівське
306,Запорізька,Запорізький,Михайлівська,Вільноуланівське
307,Запорізька,Запорізький,Михайлівська,Георгіївське
308,Запорізька,Запорізький,Михайлівська,Запорізьке
309,Запорізька,Запорізький,Михайлівська,Криничне
310,Запорізька,Запорізький,Михайлівська,Люцерна
311,Запорізька,Запорізький,Михайлівська,Михайлівка
312,Запорізька,Запорізький,Михайлівська,Нагірне
313,Запорізька,Запорізький,Михайлівська,Сергіївка
314,Запорізька,Запорізький,Михайлівська,Соколівка
315,Запорізька,Запорізький,Михайло-Лукашівська,Антонівка
316,Запорізька,Запорізький,Михайло-Лукашівська,Благовіщенське
317,Запорізька,Запорізький,Михайло-Лукашівська,Богданівка
318,Запорізька,Запорізький,Михайло-Лукашівська,Васильківське
319,Запорізька,Запорізький,Михайло-Лукашівська,Веселівське
320,Запорізька,Запорізький,Михайло-Лукашівська,Володимирівка
321,Запорізька,Запорізький,Михайло-Лукашівська,Геленджик
322,Запорізька,Запорізький,Михайло-Лукашівська,Зелений Гай
323,Запорізька,Запорізький,Михайло-Лукашівська,Козаче
324,Запорізька,Запорізький,Михайло-Лукашівська,Колос
325,Запорізька,Запорізький,Михайло-Лукашівська,Крутий Яр
326,Запорізька,Запорізький,Михайло-Лукашівська,Максимівка
327,Запорізька,Запорізький,Михайло-Лукашівська,Микільське
328,Запорізька,Запорізький,Михайло-Лукашівська,Миролюбівка
329,Запорізька,Запорізький,Михайло-Лукашівська,Михайло-Лукашеве
330,Запорізька,Запорізький,Михайло-Лукашівська,Московка
331,Запорізька,Запорізький,Михайло-Лукашівська,Нововасилівське
332,Запорізька,Запорізький,Михайло-Лукашівська,Новомиргородка
333,Запорізька,Запорізький,Михайло-Лукашівська,Новомихайлівське
334,Запорізька,Запорізький,Михайло-Лукашівська,Новофедорівка
335,Запорізька,Запорізький,Михайло-Лукашівська,Привільне
336,Запорізька,Запорізький,Михайло-Лукашівська,Райське
337,Запорізька,Запорізький,Михайло-Лукашівська,Терсянка
338,Запорізька,Запорізький,Михайло-Лукашівська,Трудолюбівка
339,Запорізька,Запорізький,Михайло-Лукашівська,Укромне
340,Запорізька,Запорізький,Михайло-Лукашівська,Широке
341,Запорізька,Запорізький,Новомиколаївська,Новомиколаївка
342,Запорізька,Запорізький,Новомиколаївська,Берестове
343,Запорізька,Запорізький,Новомиколаївська,Благодатне
344,Запорізька,Запорізький,Новомиколаївська,Богданівка
345,Запорізька,Запорізький,Новомиколаївська,Богунівка
346,Запорізька,Запорізький,Новомиколаївська,Веселий Гай
347,Запорізька,Запорізький,Новомиколаївська,Вікторівка
348,Запорізька,Запорізький,Новомиколаївська,Вільне
349,Запорізька,Запорізький,Новомиколаївська,Воскресенка
350,Запорізька,Запорізький,Новомиколаївська,Голубкове
351,Запорізька,Запорізький,Новомиколаївська,Горлицьке
352,Запорізька,Запорізький,Новомиколаївська,Граничне
353,Запорізька,Запорізький,Новомиколаївська,Дубовий Гай
354,Запорізька,Запорізький,Новомиколаївська,Дудникове
355,Запорізька,Запорізький,Новомиколаївська,Заливне
356,Запорізька,Запорізький,Новомиколаївська,Зелена Діброва
357,Запорізька,Запорізький,Новомиколаївська,Зелене
358,Запорізька,Запорізький,Новомиколаївська,Іванівське
359,Запорізька,Запорізький,Новомиколаївська,Кам'янка
360,Запорізька,Запорізький,Новомиколаївська,Кам'янувате
361,Запорізька,Запорізький,Новомиколаївська,Каштанівка
362,Запорізька,Запорізький,Новомиколаївська,Київське
363,Запорізька,Запорізький,Новомиколаївська,Кринівка
364,Запорізька,Запорізький,Новомиколаївська,Листівка
365,Запорізька,Запорізький,Новомиколаївська,Мар'янівка
366,Запорізька,Запорізький,Новомиколаївська,Миколаївка Друга
367,Запорізька,Запорізький,Новомиколаївська,Миколай-Поле
368,Запорізька,Запорізький,Новомиколаївська,Михайлівське
369,Запорізька,Запорізький,Новомиколаївська,Ніженка
370,Запорізька,Запорізький,Новомиколаївська,Нове Поле
371,Запорізька,Запорізький,Новомиколаївська,Нововікторівка
372,Запорізька,Запорізький,Новомиколаївська,Нововолодимирівка
373,Запорізька,Запорізький,Новомиколаївська,Новогригорівка
374,Запорізька,Запорізький,Новомиколаївська,Новоіванківка
375,Запорізька,Запорізький,Новомиколаївська,Новокасянівка
376,Запорізька,Запорізький,Новомиколаївська,Новосолоне
377,Запорізька,Запорізький,Новомиколаївська,Новоукраїнка
378,Запорізька,Запорізький,Новомиколаївська,Олексіївка
379,Запорізька,Запорізький,Новомиколаївська,Островське
380,Запорізька,Запорізький,Новомиколаївська,Петропавлівка
381,Запорізька,Запорізький,Новомиколаївська,Петропавлівське
382,Запорізька,Запорізький,Новомиколаївська,Підгірне
383,Запорізька,Запорізький,Новомиколаївська,Рибальське
384,Запорізька,Запорізький,Новомиколаївська,Родинське
385,Запорізька,Запорізький,Новомиколаївська,Розівка
386,Запорізька,Запорізький,Новомиколаївська,Садове
387,Запорізька,Запорізький,Новомиколаївська,Сергіївка
388,Запорізька,Запорізький,Новомиколаївська,Сорочине
389,Запорізька,Запорізький,Новомиколаївська,Софіївка
390,Запорізька,Запорізький,Новомиколаївська,Сторчове
391,Запорізька,Запорізький,Новомиколаївська,Тернівка
392,Запорізька,Запорізький,Новомиколаївська,Терсянка
393,Запорізька,Запорізький,Новомиколаївська,Трудове
394,Запорізька,Запорізький,Новомиколаївська,Шевченківське
395,Запорізька,Запорізький,Новоолександрівська,Веселянка
396,Запорізька,Запорізький,Новоолександрівська,Григорівка
397,Запорізька,Запорізький,Новоолександрівська,Запорожець
398,Запорізька,Запорізький,Новоолександрівська,Новоолександрівка
399,Запорізька,Запорізький,Новоолександрівська,Новооленівка
400,Запорізька,Запорізький,Новоолександрівська,Річне
401,Запорізька,Запорізький,Новоолександрівська,Юльївка
402,Запорізька,Запорізький,Павлівська,Берестове
403,Запорізька,Запорізький,Павлівська,Біляївка
404,Запорізька,Запорізький,Павлівська,Василівка
405,Запорізька,Запорізький,Павлівська,Вишневе
406,Запорізька,Запорізький,Павлівська,Вівчарне
407,Запорізька,Запорізький,Павлівська,Задорожнє
408,Запорізька,Запорізький,Павлівська,Зелене
409,Запорізька,Запорізький,Павлівська,Значкове
410,Запорізька,Запорізький,Павлівська,Любомирівка
411,Запорізька,Запорізький,Павлівська,Нововасилівка
412,Запорізька,Запорізький,Павлівська,Новоселівка
413,Запорізька,Запорізький,Павлівська,Новоукраїнка
414,Запорізька,Запорізький,Павлівська,Павлівське
415,Запорізька,Запорізький,Павлівська,Першозванівка
416,Запорізька,Запорізький,Павлівська,Поди
417,Запорізька,Запорізький,Павлівська,Резедівка
418,Запорізька,Запорізький,Павлівська,Роздолля
419,Запорізька,Запорізький,Павлівська,Семененкове
420,Запорізька,Запорізький,Павлівська,Солоне
421,Запорізька,Запорізький,Павлівська,Спасівка
422,Запорізька,Запорізький,Павлівська,Шевченкове
423,Запорізька,Запорізький,Петро-Михайлівська,Великодубове
424,Запорізька,Запорізький,Петро-Михайлівська,Вербове
425,Запорізька,Запорізький,Петро-Михайлівська,Гнаровське
426,Запорізька,Запорізький,Петро-Михайлівська,Грушівка
427,Запорізька,Запорізький,Петро-Михайлівська,Губенське
428,Запорізька,Запорізький,Петро-Михайлівська,Дніпровка
429,Запорізька,Запорізький,Петро-Михайлівська,Круглик
430,Запорізька,Запорізький,Петро-Михайлівська,Орлівське
431,Запорізька,Запорізький,Петро-Михайлівська,Перун
432,Запорізька,Запорізький,Петро-Михайлівська,Петро-Михайлівка
433,Запорізька,Запорізький,Петро-Михайлівська,Петро-Свистунове
434,Запорізька,Запорізький,Петро-Михайлівська,Придолинівка
435,Запорізька,Запорізький,Петро-Михайлівська,Тарасівка
436,Запорізька,Запорізький,Петро-Михайлівська,Тернівка
437,Запорізька,Запорізький,Петро-Михайлівська,Улянівка
438,Запорізька,Запорізький,Петро-Михайлівська,Шевченка
439,Запорізька,Запорізький,Петро-Михайлівська,Якимівка
440,Запорізька,Запорізький,Петро-Михайлівська,Ясинувате
441,Запорізька,Запорізький,Степненська,Івано-Ганнівка
442,Запорізька,Запорізький,Степненська,Лежине
443,Запорізька,Запорізький,Степненська,Наталівка
444,Запорізька,Запорізький,Степненська,Новостепнянське
445,Запорізька,Запорізький,Степненська,Ростуще
446,Запорізька,Запорізький,Степненська,Степне
447,Запорізька,Запорізький,Степненська,Черепівське
448,Запорізька,Запорізький,Степненська,Шевченківське
449,Запорізька,Запорізький,Таврійська,Любимівка
450,Запорізька,Запорізький,Таврійська,Таврійське
451,Запорізька,Запорізький,Таврійська,Юрківка
452,Запорізька,Запорізький,Тернуватська,Тернувате
453,Запорізька,Запорізький,Тернуватська,Барвінівка
454,Запорізька,Запорізький,Тернуватська,Бойкове
455,Запорізька,Запорізький,Тернуватська,Василькове
456,Запорізька,Запорізький,Тернуватська,Данилівка
457,Запорізька,Запорізький,Тернуватська,Зарічне
458,Запорізька,Запорізький,Тернуватська,Зірниця
459,Запорізька,Запорізький,Тернуватська,Зорівка
460,Запорізька,Запорізький,Тернуватська,Косівцеве
461,Запорізька,Запорізький,Тернуватська,Лісне
462,Запорізька,Запорізький,Тернуватська,Любицьке
463,Запорізька,Запорізький,Тернуватська,Мирівка
464,Запорізька,Запорізький,Тернуватська,Придорожнє
465,Запорізька,Запорізький,Тернуватська,Різдвянка
466,Запорізька,Запорізький,Тернуватська,Самійлівка
467,Запорізька,Запорізький,Тернуватська,Світла Долина
468,Запорізька,Запорізький,Широківська,Августинівка
469,Запорізька,Запорізький,Широківська,Веселе
470,Запорізька,Запорізький,Широківська,Відрадне
471,Запорізька,Запорізький,Широківська,Водяне
472,Запорізька,Запорізький,Широківська,Володимирівське
473,Запорізька,Запорізький,Широківська,Гурського
474,Запорізька,Запорізький,Широківська,Дніпрельстан
475,Запорізька,Запорізький,Широківська,Дніпрові Хвилі
476,Запорізька,Запорізький,Широківська,Долинівка
477,Запорізька,Запорізький,Широківська,Зеленопілля
478,Запорізька,Запорізький,Широківська,Зоряне
479,Запорізька,Запорізький,Широківська,Івангород
480,Запорізька,Запорізький,Широківська,Крилівське
481,Запорізька,Запорізький,Широківська,Лемешинське
482,Запорізька,Запорізький,Широківська,Лукашеве
483,Запорізька,Запорізький,Широківська,Малишівка
484,Запорізька,Запорізький,Широківська,Миколай-Поле
485,Запорізька,Запорізький,Широківська,Морозівка
486,Запорізька,Запорізький,Широківська,Надія
487,Запорізька,Запорізький,Широківська,Нововознесенка
488,Запорізька,Запорізький,Широківська,Новодніпровка
489,Запорізька,Запорізький,Широківська,Новопетрівка
490,Запорізька,Запорізький,Широківська,Новоселище
491,Запорізька,Запорізький,Широківська,Петропавлівка
492,Запорізька,Запорізький,Широківська,Петропіль
493,Запорізька,Запорізький,Широківська,Привільне
494,Запорізька,Запорізький,Широківська,Привітне
495,Запорізька,Запорізький,Широківська,Придніпровське
496,Запорізька,Запорізький,Широківська,Ручаївка
497,Запорізька,Запорізький,Широківська,Світанок
498,Запорізька,Запорізький,Широківська,Сонячне
499,Запорізька,Запорізький,Широківська,Федорівка
500,Запорізька,Запорізький,Широківська,Червоний Яр
501,Запорізька,Запорізький,Широківська,Широке
502,Запорізька,Запорізький,Широківська,Яворницьке
503,Запорізька,Мелітопольський,Веселівська,Веселе
504,Запорізька,Мелітопольський,Веселівська,Авангард
505,Запорізька,Мелітопольський,Веселівська,Далеке
506,Запорізька,Мелітопольський,Веселівська,Єлизаветівка
507,Запорізька,Мелітопольський,Веселівська,Мала Михайлівка
508,Запорізька,Мелітопольський,Веселівська,Менчикури
509,Запорізька,Мелітопольський,Веселівська,Новоолександрівка
510,Запорізька,Мелітопольський,Веселівська,Озерне
511,Запорізька,Мелітопольський,Веселівська,Піскошине
512,Запорізька,Мелітопольський,Веселівська,Широке
513,Запорізька,Мелітопольський,Веселівська,Ясна Поляна
514,Запорізька,Мелітопольський,Кирилівська,Кирилівка
515,Запорізька,Мелітопольський,Кирилівська,Атманай
516,Запорізька,Мелітопольський,Кирилівська,Вовче
517,Запорізька,Мелітопольський,Кирилівська,Косих
518,Запорізька,Мелітопольський,Кирилівська,Лиманське
519,Запорізька,Мелітопольський,Кирилівська,Нове
520,Запорізька,Мелітопольський,Кирилівська,Охрімівка
521,Запорізька,Мелітопольський,Кирилівська,Солоне
522,Запорізька,Мелітопольський,Костянтинівська,Вознесенка
523,Запорізька,Мелітопольський,Костянтинівська,Костянтинівка
524,Запорізька,Мелітопольський,Мелітопольська,Мелітополь
525,Запорізька,Мелітопольський,Мирненська,Мирне
526,Запорізька,Мелітопольський,Мирненська,Арабка
527,Запорізька,Мелітопольський,Мирненська,Астраханка
528,Запорізька,Мелітопольський,Мирненська,Борисівка
529,Запорізька,Мелітопольський,Мирненська,Новопилипівка
530,Запорізька,Мелітопольський,Мирненська,Оленівка
531,Запорізька,Мелітопольський,Мирненська,Свободне
532,Запорізька,Мелітопольський,Мирненська,Соснівка
533,Запорізька,Мелітопольський,Мирненська,Тихонівка
534,Запорізька,Мелітопольський,Новенська,Данило-Іванівка
535,Запорізька,Мелітопольський,Новенська,Долинське
536,Запорізька,Мелітопольський,Новенська,Зелене
537,Запорізька,Мелітопольський,Новенська,Кирпичне
538,Запорізька,Мелітопольський,Новенська,Мордвинівка
539,Запорізька,Мелітопольський,Новенська,Нове
540,Запорізька,Мелітопольський,Новенська,Піщанське
541,Запорізька,Мелітопольський,Новенська,Ромашки
542,Запорізька,Мелітопольський,Новенська,Садове
543,Запорізька,Мелітопольський,Новенська,Тащенак
544,Запорізька,Мелітопольський,Новенська,Удачне
545,Запорізька,Мелітопольський,Новенська,Фруктове
546,Запорізька,Мелітопольський,Новобогданівська,Відродження
547,Запорізька,Мелітопольський,Новобогданівська,Новобогданівка
548,Запорізька,Мелітопольський,Новобогданівська,Першостепанівка
549,Запорізька,Мелітопольський,Новобогданівська,Привільне
550,Запорізька,Мелітопольський,Новобогданівська,Старобогданівка
551,Запорізька,Мелітопольський,Новобогданівська,Троїцьке
552,Запорізька,Мелітопольський,Нововасилівська,Нововасилівка
553,Запорізька,Мелітопольський,Нововасилівська,Бесідівка
554,Запорізька,Мелітопольський,Нововасилівська,Воскресенка
555,Запорізька,Мелітопольський,Нововасилівська,Ганнівка
556,Запорізька,Мелітопольський,Нововасилівська,Ганно-Опанлинка
557,Запорізька,Мелітопольський,Нововасилівська,Громівка
558,Запорізька,Мелітопольський,Нововасилівська,Домузли
559,Запорізька,Мелітопольський,Нововасилівська,Іванівка
560,Запорізька,Мелітопольський,Нововасилівська,Калинівка
561,Запорізька,Мелітопольський,Нововасилівська,Маківка
562,Запорізька,Мелітопольський,Нововасилівська,Мар'янівка
563,Запорізька,Мелітопольський,Нововасилівська,Миколаївка
564,Запорізька,Мелітопольський,Нововасилівська,Новомиколаївка
565,Запорізька,Мелітопольський,Нововасилівська,Новоолександрівка
566,Запорізька,Мелітопольський,Нововасилівська,Новоспаське
567,Запорізька,Мелітопольський,Нововасилівська,Оріхівка
568,Запорізька,Мелітопольський,Нововасилівська,Південне
569,Запорізька,Мелітопольський,Нововасилівська,Прудентове
570,Запорізька,Мелітопольський,Нововасилівська,Розівка
571,Запорізька,Мелітопольський,Нововасилівська,Федорівка
572,Запорізька,Мелітопольський,Новоуспенівська,Білівське
573,Запорізька,Мелітопольський,Новоуспенівська,Братолюбівка
574,Запорізька,Мелітопольський,Новоуспенівська,Веселе
575,Запорізька,Мелітопольський,Новоуспенівська,Восход
576,Запорізька,Мелітопольський,Новоуспенівська,Запоріжжя
577,Запорізька,Мелітопольський,Новоуспенівська,Матвіївка
578,Запорізька,Мелітопольський,Новоуспенівська,Новоіванівка
579,Запорізька,Мелітопольський,Новоуспенівська,Новоуспенівка
580,Запорізька,Мелітопольський,Новоуспенівська,Таврія
581,Запорізька,Мелітопольський,Олександрівська,Вікторівка
582,Запорізька,Мелітопольський,Олександрівська,Волна
583,Запорізька,Мелітопольський,Олександрівська,Георгіївка
584,Запорізька,Мелітопольський,Олександрівська,Гірсівка
585,Запорізька,Мелітопольський,Олександрівська,Дівнинське
586,Запорізька,Мелітопольський,Олександрівська,Дунаївка
587,Запорізька,Мелітопольський,Олександрівська,Ігорівка
588,Запорізька,Мелітопольський,Олександрівська,Миронівка
589,Запорізька,Мелітопольський,Олександрівська,Надеждине
590,Запорізька,Мелітопольський,Олександрівська,Нечкине
591,Запорізька,Мелітопольський,Олександрівська,Новокостянтинівка
592,Запорізька,Мелітопольський,Олександрівська,Олександрівка
593,Запорізька,Мелітопольський,Олександрівська,Степанівка Перша
594,Запорізька,Мелітопольський,Олександрівська,Чкалове
595,Запорізька,Мелітопольський,Плодородненська,Братське
596,Запорізька,Мелітопольський,Плодородненська,Зразкове
597,Запорізька,Мелітопольський,Плодородненська,Мар'янівка
598,Запорізька,Мелітопольський,Плодородненська,Миколаївка
599,Запорізька,Мелітопольський,Плодородненська,Молодіжне
600,Запорізька,Мелітопольський,Плодородненська,Новомиколаївка
601,Запорізька,Мелітопольський,Плодородненська,Олександрівка
602,Запорізька,Мелітопольський,Плодородненська,Підгірне
603,Запорізька,Мелітопольський,Плодородненська,Плодородне
604,Запорізька,Мелітопольський,Плодородненська,Показне
605,Запорізька,Мелітопольський,Плодородненська,Радісне
606,Запорізька,Мелітопольський,Плодородненська,Солодке
607,Запорізька,Мелітопольський,Приазовська,Приазовське
608,Запорізька,Мелітопольський,Приазовська,Бабанівка
609,Запорізька,Мелітопольський,Приазовська,Білорічанське
610,Запорізька,Мелітопольський,Приазовська,Богданівка
611,Запорізька,Мелітопольський,Приазовська,Ботієве
612,Запорізька,Мелітопольський,Приазовська,Вишневе
613,Запорізька,Мелітопольський,Приазовська,Володимирівка
614,Запорізька,Мелітопольський,Приазовська,Гамівка
615,Запорізька,Мелітопольський,Приазовська,Дмитрівка
616,Запорізька,Мелітопольський,Приазовська,Добрівка
617,Запорізька,Мелітопольський,Приазовська,Новоіванівка
618,Запорізька,Мелітопольський,Приазовська,Новопокровка
619,Запорізька,Мелітопольський,Приазовська,Петрівка
620,Запорізька,Мелітопольський,Приазовська,Приморський Посад
621,Запорізька,Мелітопольський,Приазовська,Степанівка Друга
622,Запорізька,Мелітопольський,Приазовська,Строганівка
623,Запорізька,Мелітопольський,Приазовська,Таврійське
624,Запорізька,Мелітопольський,Приазовська,Шевченка
625,Запорізька,Мелітопольський,Семенівська,Верховина
626,Запорізька,Мелітопольський,Семенівська,Високе
627,Запорізька,Мелітопольський,Семенівська,Зеленчук
628,Запорізька,Мелітопольський,Семенівська,Золота Долина
629,Запорізька,Мелітопольський,Семенівська,Лазурне
630,Запорізька,Мелітопольський,Семенівська,Малий Утлюг
631,Запорізька,Мелітопольський,Семенівська,Мар'ївка
632,Запорізька,Мелітопольський,Семенівська,Маяк
633,Запорізька,Мелітопольський,Семенівська,Новгородківка
634,Запорізька,Мелітопольський,Семенівська,Новомиколаївка
635,Запорізька,Мелітопольський,Семенівська,Новоякимівка
636,Запорізька,Мелітопольський,Семенівська,Обільне
637,Запорізька,Мелітопольський,Семенівська,Першотравневе
638,Запорізька,Мелітопольський,Семенівська,Південне
639,Запорізька,Мелітопольський,Семенівська,Полянівка
640,Запорізька,Мелітопольський,Семенівська,Рівне
641,Запорізька,Мелітопольський,Семенівська,Семенівка
642,Запорізька,Мелітопольський,Семенівська,Степне
643,Запорізька,Мелітопольський,Семенівська,Східне
644,Запорізька,Мелітопольський,Семенівська,Тамбовка
645,Запорізька,Мелітопольський,Семенівська,Трудове
646,Запорізька,Мелітопольський,Терпіннівська,Берегове
647,Запорізька,Мелітопольський,Терпіннівська,Відрадне
648,Запорізька,Мелітопольський,Терпіннівська,Волошкове
649,Запорізька,Мелітопольський,Терпіннівська,Зарічне
650,Запорізька,Мелітопольський,Терпіннівська,Кам'янське
651,Запорізька,Мелітопольський,Терпіннівська,Лугове
652,Запорізька,Мелітопольський,Терпіннівська,Орлове
653,Запорізька,Мелітопольський,Терпіннівська,Північне
654,Запорізька,Мелітопольський,Терпіннівська,Привільне
655,Запорізька,Мелітопольський,Терпіннівська,Прилуківка
656,Запорізька,Мелітопольський,Терпіннівська,Промінь
657,Запорізька,Мелітопольський,Терпіннівська,Світлодолинське
658,Запорізька,Мелітопольський,Терпіннівська,Спаське
659,Запорізька,Мелітопольський,Терпіннівська,Терпіння
660,Запорізька,Мелітопольський,Терпіннівська,Травневе
661,Запорізька,Мелітопольський,Терпіннівська,Українське
662,Запорізька,Мелітопольський,Терпіннівська,Федорівка
663,Запорізька,Мелітопольський,Терпіннівська,Широкий Лан
664,Запорізька,Мелітопольський,Терпіннівська,Ясне
665,Запорізька,Мелітопольський,Чкаловська,Гоголівка
666,Запорізька,Мелітопольський,Чкаловська,Добровольчеське
667,Запорізька,Мелітопольський,Чкаловська,Зелений Гай
668,Запорізька,Мелітопольський,Чкаловська,Зелений Луг
669,Запорізька,Мелітопольський,Чкаловська,Калинівка
670,Запорізька,Мелітопольський,Чкаловська,Корніївка
671,Запорізька,Мелітопольський,Чкаловська,Красавич
672,Запорізька,Мелітопольський,Чкаловська,Мусіївка
673,Запорізька,Мелітопольський,Чкаловська,Новоукраїнка
674,Запорізька,Мелітопольський,Чкаловська,Чкалове
675,Запорізька,Мелітопольський,Якимівська,Якимівка
676,Запорізька,Мелітопольський,Якимівська,Андріївка
677,Запорізька,Мелітопольський,Якимівська,Богатир
678,Запорізька,Мелітопольський,Якимівська,Велика Тернівка
679,Запорізька,Мелітопольський,Якимівська,Весняне
680,Запорізька,Мелітопольський,Якимівська,Вовчанське
681,Запорізька,Мелітопольський,Якимівська,Володимирівка
682,Запорізька,Мелітопольський,Якимівська,В'язівка
683,Запорізька,Мелітопольський,Якимівська,Ганнівка
684,Запорізька,Мелітопольський,Якимівська,Гвардійське
685,Запорізька,Мелітопольський,Якимівська,Давидівка
686,Запорізька,Мелітопольський,Якимівська,Дружба
687,Запорізька,Мелітопольський,Якимівська,Єлизаветівка
688,Запорізька,Мелітопольський,Якимівська,Зернове
689,Запорізька,Мелітопольський,Якимівська,Зірка
690,Запорізька,Мелітопольський,Якимівська,Максима Горького
691,Запорізька,Мелітопольський,Якимівська,Мала Тернівка
692,Запорізька,Мелітопольський,Якимівська,Мирне
693,Запорізька,Мелітопольський,Якимівська,Михайлівське
694,Запорізька,Мелітопольський,Якимівська,Новоданилівка
695,Запорізька,Мелітопольський,Якимівська,Олександрівка
696,Запорізька,Мелітопольський,Якимівська,Перемога
697,Запорізька,Мелітопольський,Якимівська,Переможне
698,Запорізька,Мелітопольський,Якимівська,Петрівка
699,Запорізька,Мелітопольський,Якимівська,Радивонівка
700,Запорізька,Мелітопольський,Якимівська,Розівка
701,Запорізька,Мелітопольський,Якимівська,Степове
702,Запорізька,Мелітопольський,Якимівська,Таврійське
703,Запорізька,Мелітопольський,Якимівська,Тимофіївка
704,Запорізька,Мелітопольський,Якимівська,Трудове
705,Запорізька,Мелітопольський,Якимівська,Червоне
706,Запорізька,Мелітопольський,Якимівська,Чорноземне
707,Запорізька,Мелітопольський,Якимівська,Шевченка
708,Запорізька,Мелітопольський,Якимівська,Шелюги
709,Запорізька,Мелітопольський,Якимівська,Юр'ївка
710,Запорізька,Мелітопольський,Якимівська,Якимівське
711,Запорізька,Пологівський,Воздвижівська,Варварівка
712,Запорізька,Пологівський,Воздвижівська,Верхня Терса
713,Запорізька,Пологівський,Воздвижівська,Воздвижівка
714,Запорізька,Пологівський,Воздвижівська,Гірке
715,Запорізька,Пологівський,Воздвижівська,Добропілля
716,Запорізька,Пологівський,Воздвижівська,Долинка
717,Запорізька,Пологівський,Воздвижівська,Копані
718,Запорізька,Пологівський,Воздвижівська,Криничне
719,Запорізька,Пологівський,Воздвижівська,Нове Запоріжжя
720,Запорізька,Пологівський,Воздвижівська,Оленокостянтинівка
721,Запорізька,Пологівський,Воздвижівська,Прилуки
722,Запорізька,Пологівський,Воздвижівська,Рівне
723,Запорізька,Пологівський,Воздвижівська,Цвіткове
724,Запорізька,Пологівський,Воскресенська,Воскресенка
725,Запорізька,Пологівський,Воскресенська,Кінські Роздори
726,Запорізька,Пологівський,Воскресенська,Лозове
727,Запорізька,Пологівський,Воскресенська,Магедове
728,Запорізька,Пологівський,Гуляйпільська,Гуляйполе
729,Запорізька,Пологівський,Гуляйпільська,Залізничне
730,Запорізька,Пологівський,Гуляйпільська,Веселе
731,Запорізька,Пологівський,Гуляйпільська,Гуляйпільське
732,Запорізька,Пологівський,Гуляйпільська,Дорожнянка
733,Запорізька,Пологівський,Гуляйпільська,Загірне
734,Запорізька,Пологівський,Гуляйпільська,Затишшя
735,Запорізька,Пологівський,Гуляйпільська,Зелене
736,Запорізька,Пологівський,Гуляйпільська,Зелений Гай
737,Запорізька,Пологівський,Гуляйпільська,Красногірське
738,Запорізька,Пологівський,Гуляйпільська,Марфопіль
739,Запорізька,Пологівський,Гуляйпільська,Мирне
740,Запорізька,Пологівський,Гуляйпільська,Нове
741,Запорізька,Пологівський,Гуляйпільська,Нововасилівське
742,Запорізька,Пологівський,Гуляйпільська,Новогригорівка
743,Запорізька,Пологівський,Гуляйпільська,Новоіванівка
744,Запорізька,Пологівський,Гуляйпільська,Новомиколаївка
745,Запорізька,Пологівський,Гуляйпільська,Новоуспенівське
746,Запорізька,Пологівський,Гуляйпільська,Обратне
747,Запорізька,Пологівський,Гуляйпільська,Павлівка
748,Запорізька,Пологівський,Гуляйпільська,Привільне
749,Запорізька,Пологівський,Гуляйпільська,Рибне
750,Запорізька,Пологівський,Гуляйпільська,Рівнопілля
751,Запорізька,Пологівський,Гуляйпільська,Святопетрівка
752,Запорізька,Пологівський,Гуляйпільська,Солодке
753,Запорізька,Пологівський,Гуляйпільська,Староукраїнка
754,Запорізька,Пологівський,Гуляйпільська,Степанівка
755,Запорізька,Пологівський,Гуляйпільська,Темирівка
756,Запорізька,Пологівський,Гуляйпільська,Успенівка
757,Запорізька,Пологівський,Гуляйпільська,Чарівне
758,Запорізька,Пологівський,Гуляйпільська,Червоне
759,Запорізька,Пологівський,Гуляйпільська,Яблукове
760,Запорізька,Пологівський,Кам'янська,Кам'янка
761,Запорізька,Пологівський,Кам'янська,Бережне
762,Запорізька,Пологівський,Кам'янська,Березівка
763,Запорізька,Пологівський,Кам'янська,Більманка
764,Запорізька,Пологівський,Кам'янська,Вершина
765,Запорізька,Пологівський,Кам'янська,Веселоіванівське
766,Запорізька,Пологівський,Кам'янська,Гоголівка
767,Запорізька,Пологівський,Кам'янська,Грузьке
768,Запорізька,Пологівський,Кам'янська,Гусарка
769,Запорізька,Пологівський,Кам'янська,Дружне
770,Запорізька,Пологівський,Кам'янська,Дубове
771,Запорізька,Пологівський,Кам'янська,Мар'янівка
772,Запорізька,Пологівський,Кам'янська,Мирське
773,Запорізька,Пологівський,Кам'янська,Новоукраїнка
774,Запорізька,Пологівський,Кам'янська,Очеретувате
775,Запорізька,Пологівський,Кам'янська,Пробудження
776,Запорізька,Пологівський,Кам'янська,Самійлівка
777,Запорізька,Пологівський,Кам'янська,Світле
778,Запорізька,Пологівський,Кам'янська,Сміле
779,Запорізька,Пологівський,Кам'янська,Трудове
780,Запорізька,Пологівський,Кам'янська,Червоне Озеро
781,Запорізька,Пологівський,Кам'янська,Червоноселівка
782,Запорізька,Пологівський,Комиш-Зорянська,Комиш-Зоря
783,Запорізька,Пологівський,Комиш-Зорянська,Білоцерківка
784,Запорізька,Пологівський,Комиш-Зорянська,Благовіщенка
785,Запорізька,Пологівський,Комиш-Зорянська,Ланцеве
786,Запорізька,Пологівський,Комиш-Зорянська,Новокам'янка
787,Запорізька,Пологівський,Комиш-Зорянська,Руденка
788,Запорізька,Пологівський,Комиш-Зорянська,Тернове
789,Запорізька,Пологівський,Комиш-Зорянська,Труженка
790,Запорізька,Пологівський,Комиш-Зорянська,Черешневе
791,Запорізька,Пологівський,Комиш-Зорянська,Шевченківське
792,Запорізька,Пологівський,Малинівська,Вишневе
793,Запорізька,Пологівський,Малинівська,Левадне
794,Запорізька,Пологівський,Малинівська,Любимівка
795,Запорізька,Пологівський,Малинівська,Малинівка
796,Запорізька,Пологівський,Малинівська,Новодарівка
797,Запорізька,Пологівський,Малинівська,Новозлатопіль
798,Запорізька,Пологівський,Малинівська,Новоукраїнське
799,Запорізька,Пологівський,Малинівська,Ольгівське
800,Запорізька,Пологівський,Малинівська,Охотниче
801,Запорізька,Пологівський,Малинівська,Полтавка
802,Запорізька,Пологівський,Малинівська,Приютне
803,Запорізька,Пологівський,Малинівська,Ремівка
804,Запорізька,Пологівський,Малинівська,Степове
805,Запорізька,Пологівський,Малотокмачанська,Білогір'я
806,Запорізька,Пологівський,Малотокмачанська,Лугівське
807,Запорізька,Пологівський,Малотокмачанська,Мала Токмачка
808,Запорізька,Пологівський,Малотокмачанська,Новопокровка
809,Запорізька,Пологівський,Молочанська,Молочанськ
810,Запорізька,Пологівський,Молочанська,Балкове
811,Запорізька,Пологівський,Молочанська,Благодатне
812,Запорізька,Пологівський,Молочанська,Веселе
813,Запорізька,Пологівський,Молочанська,Виноградне
814,Запорізька,Пологівський,Молочанська,Гришине
815,Запорізька,Пологівський,Молочанська,Грушівка
816,Запорізька,Пологівський,Молочанська,Долина
817,Запорізька,Пологівський,Молочанська,Запоріжжя
818,Запорізька,Пологівський,Молочанська,Зоряне
819,Запорізька,Пологівський,Молочанська,Козолугівка
820,Запорізька,Пологівський,Молочанська,Курошани
821,Запорізька,Пологівський,Молочанська,Лагідне
822,Запорізька,Пологівський,Молочанська,Левадне
823,Запорізька,Пологівський,Молочанська,Любимівка
824,Запорізька,Пологівський,Молочанська,Могутнє
825,Запорізька,Пологівський,Молочанська,Мостове
826,Запорізька,Пологівський,Молочанська,Новомиколаївка
827,Запорізька,Пологівський,Молочанська,Рибалівка
828,Запорізька,Пологівський,Молочанська,Розкішне
829,Запорізька,Пологівський,Молочанська,Світле
830,Запорізька,Пологівський,Молочанська,Ударник
831,Запорізька,Пологівський,Молочанська,Українка
832,Запорізька,Пологівський,Оріхівська,Оріхів
833,Запорізька,Пологівський,Оріхівська,Копані
834,Запорізька,Пологівський,Оріхівська,Мирне
835,Запорізька,Пологівський,Оріхівська,Нестерянка
836,Запорізька,Пологівський,Оріхівська,Новоандріївка
837,Запорізька,Пологівський,Оріхівська,Новоданилівка
838,Запорізька,Пологівський,Оріхівська,Новопавлівка
839,Запорізька,Пологівський,Оріхівська,Щербаки
840,Запорізька,Пологівський,Пологівська,Пологи
841,Запорізька,Пологівський,Пологівська,Андріївське
842,Запорізька,Пологівський,Пологівська,Багате
843,Запорізька,Пологівський,Пологівська,Басань
844,Запорізька,Пологівський,Пологівська,Вербове
845,Запорізька,Пологівський,Пологівська,Григорівка
846,Запорізька,Пологівський,Пологівська,Дмитрівське
847,Запорізька,Пологівський,Пологівська,Івана Франка
848,Запорізька,Пологівський,Пологівська,Інженерне
849,Запорізька,Пологівський,Пологівська,Костянтинівка
850,Запорізька,Пологівський,Пологівська,Нова Дача
851,Запорізька,Пологівський,Пологівська,Новокарлівка
852,Запорізька,Пологівський,Пологівська,Новофедорівка
853,Запорізька,Пологівський,Пологівська,Ожерельне
854,Запорізька,Пологівський,Пологівська,Павлівське
855,Запорізька,Пологівський,Пологівська,Пологи
856,Запорізька,Пологівський,Пологівська,Решетилівське
857,Запорізька,Пологівський,Пологівська,Романівське
858,Запорізька,Пологівський,Пологівська,Семенівка
859,Запорізька,Пологівський,Пологівська,Тарасівка
860,Запорізька,Пологівський,Пологівська,Українське
861,Запорізька,Пологівський,Пологівська,Чумацьке
862,Запорізька,Пологівський,Пологівська,Шевченкове
863,Запорізька,Пологівський,Преображенська,Василівське
864,Запорізька,Пологівський,Преображенська,Васинівка
865,Запорізька,Пологівський,Преображенська,Вільнянка
866,Запорізька,Пологівський,Преображенська,Єгорівка
867,Запорізька,Пологівський,Преображенська,Микільське
868,Запорізька,Пологівський,Преображенська,Новоселівка
869,Запорізька,Пологівський,Преображенська,Новосолошине
870,Запорізька,Пологівський,Преображенська,Обще
871,Запорізька,Пологівський,Преображенська,Омельник
872,Запорізька,Пологівський,Преображенська,Преображенка
873,Запорізька,Пологівський,Преображенська,Свобода
874,Запорізька,Пологівський,Преображенська,Тимошівка
875,Запорізька,Пологівський,Преображенська,Червона Криниця
876,Запорізька,Пологівський,Преображенська,Червоний Яр
877,Запорізька,Пологівський,Преображенська,Широке
878,Запорізька,Пологівський,Розівська,Розівка
879,Запорізька,Пологівський,Розівська,Азов
880,Запорізька,Пологівський,Розівська,Антонівка
881,Запорізька,Пологівський,Розівська,Багатівка
882,Запорізька,Пологівський,Розівська,Біловеж
883,Запорізька,Пологівський,Розівська,Верхівка
884,Запорізька,Пологівський,Розівська,Вишнювате
885,Запорізька,Пологівський,Розівська,Вільне
886,Запорізька,Пологівський,Розівська,Запорізьке
887,Запорізька,Пологівський,Розівська,Зеленопіль
888,Запорізька,Пологівський,Розівська,Зоря
889,Запорізька,Пологівський,Розівська,Зоряне
890,Запорізька,Пологівський,Розівська,Іванівка
891,Запорізька,Пологівський,Розівська,Кобильне
892,Запорізька,Пологівський,Розівська,Кузнецівка
893,Запорізька,Пологівський,Розівська,Листвянка
894,Запорізька,Пологівський,Розівська,Луганське
895,Запорізька,Пологівський,Розівська,Маринопіль
896,Запорізька,Пологівський,Розівська,Мирне
897,Запорізька,Пологівський,Розівська,Надійне
898,Запорізька,Пологівський,Розівська,Новгород
899,Запорізька,Пологівський,Розівська,Новодворівка
900,Запорізька,Пологівський,Розівська,Новозлатопіль
901,Запорізька,Пологівський,Розівська,Новомлинівка
902,Запорізька,Пологівський,Розівська,Першотравневе
903,Запорізька,Пологівський,Розівська,Святотроїцьке
904,Запорізька,Пологівський,Розівська,Солодководне
905,Запорізька,Пологівський,Розівська,Форойс
906,Запорізька,Пологівський,Смирновська,Верхньодрагунське
907,Запорізька,Пологівський,Смирновська,Вершина Друга
908,Запорізька,Пологівський,Смирновська,Діброва
909,Запорізька,Пологівський,Смирновська,Зелений Гай
910,Запорізька,Пологівський,Смирновська,Зразкове
911,Запорізька,Пологівський,Смирновська,Олексіївка
912,Запорізька,Пологівський,Смирновська,Смирнове
913,Запорізька,Пологівський,Смирновська,Титове
914,Запорізька,Пологівський,Токмацька,Токмак
915,Запорізька,Пологівський,Токмацька,Заможне
916,Запорізька,Пологівський,Токмацька,Іванівка
917,Запорізька,Пологівський,Токмацька,Ільченкове
918,Запорізька,Пологівський,Токмацька,Кутузівка
919,Запорізька,Пологівський,Токмацька,Лугівка
920,Запорізька,Пологівський,Токмацька,Мирне
921,Запорізька,Пологівський,Токмацька,Нове
922,Запорізька,Пологівський,Токмацька,Новопрокопівка
923,Запорізька,Пологівський,Токмацька,Остриківка
924,Запорізька,Пологівський,Токмацька,Очеретувате
925,Запорізька,Пологівський,Токмацька,Покровське
926,Запорізька,Пологівський,Токмацька,Пшеничне
927,Запорізька,Пологівський,Токмацька,Рівне
928,Запорізька,Пологівський,Токмацька,Роботине
929,Запорізька,Пологівський,Токмацька,Садове
930,Запорізька,Пологівський,Токмацька,Скелювате
931,Запорізька,Пологівський,Токмацька,Снігурівка
932,Запорізька,Пологівський,Токмацька,Солодка Балка
933,Запорізька,Пологівський,Токмацька,Трудове
934,Запорізька,Пологівський,Токмацька,Урожайне
935,Запорізька,Пологівський,Токмацька,Фабричне
936,Запорізька,Пологівський,Токмацька,Харкове
937,Запорізька,Пологівський,Токмацька,Червоногірка
938,Запорізька,Пологівський,Токмацька,Чистопілля
939,Запорізька,Пологівський,Токмацька,Шевченкове
940,Запорізька,Пологівський,Федорівська,Балочки
941,Запорізька,Пологівський,Федорівська,Бурлацьке
942,Запорізька,Пологівський,Федорівська,Золота Поляна
943,Запорізька,Пологівський,Федорівська,Красноселівка
944,Запорізька,Пологівський,Федорівська,Межиріч
945,Запорізька,Пологівський,Федорівська,Новоселівка
946,Запорізька,Пологівський,Федорівська,Тернове
947,Запорізька,Пологівський,Федорівська,Федорівка
948,Запорізька,Пологівський,Федорівська,Хліборобне
949,Запорізька,Пологівський,Федорівська,Чкалова
950,Запорізька,Пологівський,Федорівська,Шевченка
,Харківська,Богодухівський ,Золочівська ,Уди
,Харківська,Ізюмський ,Балаклійська,Асіївка
,Харківська,Ізюмський ,Балаклійська ,Новомиколаївка
,Харківська,Ізюмський ,Балаклійська ,Попівка
,Харківська,Ізюмський ,Балаклійська ,Слобожанське
,Харківська,Ізюмський ,Балаклійська ,Соколівка
,Харківська,Ізюмський ,Балаклійська ,Успенське
,Харківська,Ізюмський ,Балаклійська ,Балаклія
,Харківська,Ізюмський ,Балаклійська ,Крейдянка
,Харківська,Ізюмський ,Балаклійська ,Борщівка
,Харківська,Ізюмський ,Балаклійська ,Бригадирівка
,Харківська,Ізюмський ,Балаклійська ,Вербівка
,Харківська,Ізюмський ,Балаклійська ,Волохів Яр
,Харківська,Ізюмський ,Балаклійська ,Волобуївка
,Харківська,Ізюмський ,Балаклійська ,Гусарівка
,Харківська,Ізюмський ,Балаклійська ,Вільне
,Харківська,Ізюмський ,Балаклійська ,Лозовенька
,Харківська,Ізюмський ,Балаклійська ,Нова Серпухівка
,Харківська,Ізюмський ,Балаклійська ,Криничне
,Харківська,Ізюмський ,Балаклійська ,Мілове
,Харківська,Ізюмський ,Балаклійська ,Первомайське
,Харківська,Ізюмський ,Балаклійська ,Червоний Шлях
,Харківська,Ізюмський ,Балаклійська ,Байрак
,Харківська,Ізюмський ,Балаклійська ,Нова Гусарівка
,Харківська,Ізюмський ,Балаклійська ,Щурівка
,Харківська,Ізюмський ,Балаклійська ,Берестянки
,Харківська,Ізюмський ,Балаклійська ,Завгороднє
,Харківська,Ізюмський ,Балаклійська ,Петрівське
,Харківська,Ізюмський ,Балаклійська ,Волвенкове
,Харківська,Ізюмський ,Балаклійська ,Протопопівка
,Харківська,Ізюмський ,Балаклійська ,Вітрівка
,Харківська,Ізюмський ,Балаклійська ,Чепіль
,Харківська,Ізюмський ,Балаклійська ,Шевелівка
,Харківська,Ізюмський ,Балаклійська ,Вовчий Яр
,Харківська,Ізюмський ,Балаклійська ,Калинівка
,Харківська,Ізюмський ,Балаклійська ,Степок
,Харківська,Ізюмський ,Балаклійська ,Таранушине
,Харківська,Ізюмський ,Балаклійська ,Яковенкове
,Харківська,Ізюмський ,Борівська ,Богуславка
,Харківська,Ізюмський ,Борівська ,Загризове
,Харківська,Ізюмський ,Борівська ,Лозова
,Харківська,Ізюмський ,Борівська ,Нова Кругляківка
,Харківська,Ізюмський ,Борівська ,Вище Солоне
,Харківська,Ізюмський ,Борівська ,Нижче Солоне
,Харківська,Ізюмський ,Борівська ,Бахтин
,Харківська,Ізюмський ,Борівська ,Голубівка
,Харківська,Ізюмський ,Борівська ,Гороховатка
,Харківська,Ізюмський ,Борівська ,Андріївка
,Харківська,Ізюмський ,Борівська ,Глущенкове
,Харківська,Ізюмський ,Борівська ,Дружелюбівка
,Харківська,Ізюмський ,Борівська ,Ізюмське
,Харківська,Ізюмський ,Борівська ,Новий Мир
,Харківська,Ізюмський ,Борівська ,Ольгівка
,Харківська,Ізюмський ,Борівська ,Червоний Став
,Харківська,Ізюмський ,Борівська ,Борівська Андріївка
,Харківська,Ізюмський ,Борівська ,Вишневе
,Харківська,Ізюмський ,Борівська ,Зелений Гай
,Харківська,Ізюмський ,Борівська ,Копанки
,Харківська,Ізюмський ,Борівська ,Першотравневе
,Харківська,Ізюмський ,Борівська ,Гаврилівка
,Харківська,Ізюмський ,Борівська ,Підвисоке
,Харківська,Ізюмський ,Борівська ,Промінь
,Харківська,Ізюмський ,Борівська ,Калинове
,Харківська,Ізюмський ,Борівська ,Мирне
,Харківська,Ізюмський ,Борівська ,Ясинувате
,Харківська,Ізюмський ,Борівська ,Нижня Журавка
,Харківська,Ізюмський ,Борівська ,Підлиман
,Харківська,Ізюмський ,Борівська ,Маліївка
,Харківська,Ізюмський ,Борівська ,Піски-Радьківські
,Харківська,Ізюмський ,Борівська ,Новосергіївка
,Харківська,Ізюмський ,Борівська ,Чернещина
,Харківська,Ізюмський ,Борівська ,Степове
,Харківська,Ізюмський ,Борівська ,Бойні
,Харківська,Ізюмський ,Борівська ,Борова
,Харківська,Ізюмський ,Борівська ,Новоплатонівка
,Харківська,Ізюмський ,Борівська ,Парнувате
,Харківська,Ізюмський ,Борівська ,Шийківка
,Харківська,Ізюмський ,Ізюмська ,Бригадирівка
,Харківська,Ізюмський ,Ізюмська ,Бабенкове
,Харківська,Ізюмський ,Ізюмська ,Федорівка
,Харківська,Ізюмський ,Ізюмська ,Кам'янка
,Харківська,Ізюмський ,Ізюмська ,Рудневе
,Харківська,Ізюмський ,Ізюмська ,Синичено
,Харківська,Ізюмський ,Ізюмська ,Суха Кам'янка
,Харківська,Ізюмський ,Ізюмська ,Тихоцьке
,Харківська,Ізюмський ,Ізюмська ,Глинське
,Харківська,Ізюмський ,Ізюмська ,Забавне
,Харківська,Ізюмський ,Ізюмська ,Іванівка
,Харківська,Ізюмський ,Ізюмська ,Іскра
,Харківська,Ізюмський ,Ізюмська ,Крамарівка
,Харківська,Ізюмський ,Ізюмська ,Левківка
,Харківська,Ізюмський ,Ізюмська ,Пимонівка
,Харківська,Ізюмський ,Ізюмська ,Ізюм
,Харківська,Ізюмський ,Куньєвська ,Бугаївка
,Харківська,Ізюмський ,Куньєвська ,Попасне
,Харківська,Ізюмський ,Куньєвська ,Розсохувате
,Харківська,Ізюмський ,Куньєвська ,Сухий Яр
,Харківська,Ізюмський ,Куньєвська ,Чорнобаївка
,Харківська,Ізюмський ,Куньєвська ,Іванчуківка
,Харківська,Ізюмський ,Куньєвська ,Лисогірка
,Харківська,Ізюмський ,Куньєвська ,Новопавлівка
,Харківська,Ізюмський ,Куньєвська ,Поляна
,Харківська,Ізюмський ,Куньєвська ,Щасливе
,Харківська,Ізюмський ,Куньєвська ,Липчанівка
,Харківська,Ізюмський ,Куньєвська ,Боголюбівка
,Харківська,Ізюмський ,Куньєвська ,Козютівка
,Харківська,Ізюмський ,Куньєвська ,Олександрівка
,Харківська,Ізюмський ,Куньєвська ,Підвисоке
,Харківська,Ізюмський ,Куньєвська ,Рідний Край
,Харківська,Ізюмський ,Куньєвська ,Чистоводівка
,Харківська,Ізюмський ,Куньєвська ,Куньє
,Харківська,Ізюмський ,Оскільська ,Вірнопілля
,Харківська,Ізюмський ,Оскільська ,Дмитрівка
,Харківська,Ізюмський ,Оскільська ,Карнаухівка
,Харківська,Ізюмський ,Оскільська ,Довгеньке
,Харківська,Ізюмський ,Оскільська ,Андріївка
,Харківська,Ізюмський ,Оскільська ,Заводи
,Харківська,Ізюмський ,Оскільська ,Петропілля
,Харківська,Ізюмський ,Оскільська ,Придонецьке
,Харківська,Ізюмський ,Оскільська ,Співаківка
,Харківська,Ізюмський ,Оскільська ,Діброва
,Харківська,Ізюмський ,Оскільська ,Капитолівка
,Харківська,Ізюмський ,Оскільська ,Комарівка
,Харківська,Ізюмський ,Оскільська ,Миколаївка
,Харківська,Ізюмський ,Оскільська ,Донецьке
,Харківська,Ізюмський ,Оскільська ,Копанки
,Харківська,Ізюмський ,Оскільська ,Мала Комишуваха
,Харківська,Ізюмський ,Оскільська ,Семенівка
,Харківська,Ізюмський ,Оскільська ,Сніжківка
,Харківська,Ізюмський ,Оскільська ,Топольське
,Харківська,Ізюмський ,Оскільська ,Шпаківка
,Харківська,Ізюмський ,Оскільська ,Бражківка
,Харківська,Ізюмський ,Оскільська ,Сулигівка
,Харківська,Ізюмський ,Оскільська ,Букине
,Харківська,Ізюмський ,Оскільська ,Оскіл
,Харківська,Ізюмський ,Оскільська ,Пасіка
,Харківська,Ізюмський ,Оскільська ,Студенок
,Харківська,Ізюмський ,Оскільська ,Яремівка
,Харківська,Ізюмський ,Савинська ,Веселе
,Харківська,Ізюмський ,Савинська ,Крючки
,Харківська,Ізюмський ,Савинська ,Новоселівка
,Харківська,Ізюмський ,Савинська ,Нурове
,Харківська,Ізюмський ,Савинська ,Пазіївка
,Харківська,Ізюмський ,Савинська ,Слабунівка
,Харківська,Ізюмський ,Савинська ,Теплянка
,Харківська,Ізюмський ,Савинська ,Українка
,Харківська,Ізюмський ,Савинська ,Вишнева
,Харківська,Ізюмський ,Савинська ,Першотравневе
,Харківська,Ізюмський ,Савинська ,Довгалівка
,Харківська,Ізюмський ,Савинська ,Залиман
,Харківська,Ізюмський ,Савинська ,Мирна Долина
,Харківська,Ізюмський ,Савинська ,Норцівка
,Харківська,Ізюмський ,Савинська ,Бородоярське
,Харківська,Ізюмський ,Савинська ,Вільхуватка
,Харківська,Ізюмський ,Савинська ,Морозівка
,Харківська,Ізюмський ,Савинська ,Савинці
,Харківська,Куп'янський ,Великобурлуцька ,Балка
,Харківська,Куп'янський ,Великобурлуцька ,Буряківка
,Харківська,Куп'янський ,Великобурлуцька ,Великий Бурлук
,Харківська,Куп'янський ,Великобурлуцька ,Веселе
,Харківська,Куп'янський ,Великобурлуцька ,Голубівка
,Харківська,Куп'янський ,Великобурлуцька ,Жуків Яр
,Харківська,Куп'янський ,Великобурлуцька ,Заміст
,Харківська,Куп'янський ,Великобурлуцька ,Канівцеве
,Харківська,Куп'янський ,Великобурлуцька ,Лебедівка
,Харківська,Куп'янський ,Великобурлуцька ,Литвинівка
,Харківська,Куп'янський ,Великобурлуцька ,Манцівка
,Харківська,Куп'янський ,Великобурлуцька ,Михайлівка
,Харківська,Куп'янський ,Великобурлуцька ,Новоселівка
,Харківська,Куп'янський ,Великобурлуцька ,Плоске
,Харківська,Куп'янський ,Великобурлуцька ,Юр’ївка
,Харківська,Куп'янський ,Великобурлуцька ,Яєчне
,Харківська,Куп'янський ,Великобурлуцька ,Аркушине
,Харківська,Куп'янський ,Великобурлуцька ,Гнилиця
,Харківська,Куп'янський ,Великобурлуцька ,Гнилиця Перша
,Харківська,Куп'янський ,Великобурлуцька ,Зелений Гай
,Харківська,Куп'янський ,Великобурлуцька ,Амбарне
,Харківська,Куп'янський ,Великобурлуцька ,Григорівка
,Харківська,Куп'янський ,Великобурлуцька ,Красноярське
,Харківська,Куп'янський ,Великобурлуцька ,Соніно
,Харківська,Куп'янський ,Великобурлуцька ,Хатнє
,Харківська,Куп'янський ,Великобурлуцька ,Андріївка
,Харківська,Куп'янський ,Великобурлуцька ,Катеринівка
,Харківська,Куп'янський ,Великобурлуцька ,Микільське
,Харківська,Куп'янський ,Великобурлуцька ,Рогозянка
,Харківська,Куп'янський ,Великобурлуцька ,Садовод
,Харківська,Куп'янський ,Великобурлуцька ,Стецьківка
,Харківська,Куп'янський ,Великобурлуцька ,Шляхове
,Харківська,Куп'янський ,Великобурлуцька ,Малий Бурлук
,Харківська,Куп'янський ,Великобурлуцька ,Шевченкове
,Харківська,Куп'янський ,Великобурлуцька ,Красне
,Харківська,Куп'янський ,Великобурлуцька ,Лозове
,Харківська,Куп'янський ,Великобурлуцька ,Нова Олександрівка
,Харківська,Куп'янський ,Великобурлуцька ,Нова Олександрівка
,Харківська,Куп'янський ,Великобурлуцька ,Полковниче
,Харківська,Куп'янський ,Великобурлуцька ,Шевченкове
,Харківська,Куп'янський ,Великобурлуцька ,Дорошенкове
,Харківська,Куп'янський ,Великобурлуцька ,Малахове
,Харківська,Куп'янський ,Великобурлуцька ,Підсереднє
,Харківська,Куп'янський ,Великобурлуцька ,Сірий Яр
,Харківська,Куп'янський ,Великобурлуцька ,Зелений Гай
,Харківська,Куп'янський ,Великобурлуцька ,Червона Хвиля
,Харківська,Куп'янський ,Великобурлуцька ,Куп’єваха
,Харківська,Куп'янський ,Великобурлуцька ,Нестерівка
,Харківська,Куп'янський ,Великобурлуцька ,Середній Бурлук
,Харківська,Куп'янський ,Великобурлуцька ,Шипувате
,Харківська,Куп'янський ,Великобурлуцька ,Шипувате
,Харківська,Куп'янський ,Великобурлуцька ,Горяне
,Харківська,Куп'янський ,Вільхуватська ,Анискине
,Харківська,Куп'янський ,Вільхуватська ,Артільне
,Харківська,Куп'янський ,Вільхуватська ,Березники
,Харківська,Куп'янський ,Вільхуватська ,Вільхуватка
,Харківська,Куп'янський ,Вільхуватська ,Водяне
,Харківська,Куп'янський ,Вільхуватська ,Гогине
,Харківська,Куп'янський ,Вільхуватська ,Грачівка
,Харківська,Куп'янський ,Вільхуватська ,Довгеньке
,Харківська,Куп'янський ,Вільхуватська ,Довжанка
,Харківська,Куп'янський ,Вільхуватська ,Зарубинка
,Харківська,Куп'янський ,Вільхуватська ,Івашкине
,Харківська,Куп'янський ,Вільхуватська ,Комісарове
,Харківська,Куп'янський ,Вільхуватська ,Крейдянка
,Харківська,Куп'янський ,Вільхуватська ,Купине
,Харківська,Куп'янський ,Вільхуватська ,Курганне
,Харківська,Куп'янський ,Вільхуватська ,Лобанівка
,Харківська,Куп'янський ,Вільхуватська ,Миколаївка
,Харківська,Куп'янський ,Вільхуватська ,Мілове
,Харківська,Куп'янський ,Вільхуватська ,Нефедівка
,Харківська,Куп'янський ,Вільхуватська ,Озерне
,Харківська,Куп'янський ,Вільхуватська ,Потихонове
,Харківська,Куп'янський ,Вільхуватська ,Приколотне
,Харківська,Куп'янський ,Вільхуватська ,Рублене
,Харківська,Куп'янський ,Вільхуватська ,Слизневе
,Харківська,Куп'янський ,Вільхуватська ,Устинівка
,Харківська,Куп'янський ,Вільхуватська ,Федорівка
,Харківська,Куп'янський ,Вільхуватська ,Чорне
,Харківська,Куп'янський ,Вільхуватська ,Чугунівка
,Харківська,Куп'янський ,Вільхуватська ,Шев’яківка
,Харківська,Куп'янський ,Вільхуватська ,Широке
,Харківська,Куп'янський ,Дворічанська ,Берестове
,Харківська,Куп'янський ,Дворічанська ,Богданівське
,Харківська,Куп'янський ,Дворічанська ,Бологівка
,Харківська,Куп'янський ,Дворічанська ,Васильцівка
,Харківська,Куп'янський ,Дворічанська ,Великий Виселок
,Харківська,Куп'янський ,Дворічанська ,Вільшана
,Харківська,Куп'янський ,Дворічанська ,Водяне
,Харківська,Куп'янський ,Дворічанська ,Гороб’ївка
,Харківська,Куп'янський ,Дворічанська ,Гракове
,Харківська,Куп'янський ,Дворічанська ,Гряниківка
,Харківська,Куп'янський ,Дворічанська ,Дворічанське
,Харківська,Куп'янський ,Дворічанська ,Дворічна
,Харківська,Куп'янський ,Дворічанська ,Дворічне
,Харківська,Куп'янський ,Дворічанська ,Добролюбівка
,Харківська,Куп'янський ,Дворічанська ,Довгеньке
,Харківська,Куп'янський ,Дворічанська ,Западне
,Харківська,Куп'янський ,Дворічанська ,Іванівка
,Харківська,Куп'янський ,Дворічанська ,Кам’янка
,Харківська,Куп'янський ,Дворічанська ,Касянівка
,Харківська,Куп'янський ,Дворічанська ,Колодязне
,Харківська,Куп'янський ,Дворічанська ,Красне Перше
,Харківська,Куп'янський ,Дворічанська ,Кутьківка
,Харківська,Куп'янський ,Дворічанська ,Лиман Другий
,Харківська,Куп'янський ,Дворічанська ,Лиман Перший
,Харківська,Куп'янський ,Дворічанська ,Лозова Друга
,Харківська,Куп'янський ,Дворічанська ,Лозова Перша
,Харківська,Куп'янський ,Дворічанська ,Мальцівка
,Харківська,Куп'янський ,Дворічанська ,Масютівка
,Харківська,Куп'янський ,Дворічанська ,Мечнікове
,Харківська,Куп'янський ,Дворічанська ,Миколаївка
,Харківська,Куп'янський ,Дворічанська ,Митрофанівка
,Харківська,Куп'янський ,Дворічанська ,Нежданівка
,Харківська,Куп'янський ,Дворічанська ,Нововасилівка
,Харківська,Куп'янський ,Дворічанська ,Новоєгорівка
,Харківська,Куп'янський ,Дворічанська ,Новомлинськ
,Харківська,Куп'янський ,Дворічанська ,Новоужвинівка
,Харківська,Куп'янський ,Дворічанська ,Обухівка
,Харківська,Куп'янський ,Дворічанська ,Одрадне
,Харківська,Куп'янський ,Дворічанська ,Павлівка
,Харківська,Куп'янський ,Дворічанська ,Першотравневе
,Харківська,Куп'янський ,Дворічанська ,Петрівка
,Харківська,Куп'янський ,Дворічанська ,Петрівське
,Харківська,Куп'янський ,Дворічанська ,Петро-Іванівка
,Харківська,Куп'янський ,Дворічанська ,Піски
,Харківська,Куп'янський ,Дворічанська ,Піщанка
,Харківська,Куп'янський ,Дворічанська ,Плескачівка
,Харківська,Куп'янський ,Дворічанська ,Путникове
,Харківська,Куп'янський ,Дворічанська ,Рідкодуб
,Харківська,Куп'янський ,Дворічанська ,Строївка
,Харківська,Куп'янський ,Дворічанська ,Тавільжанка
,Харківська,Куп'янський ,Дворічанська ,Терни
,Харківська,Куп'янський ,Дворічанська ,Токарівка
,Харківська,Куп'янський ,Дворічанська ,Тополі
,Харківська,Куп'янський ,Дворічанська ,Тополі
,Харківська,Куп'янський ,Дворічанська ,Фиголівка
,Харківська,Куп'янський ,Кіндрашівська ,Василівка
,Харківська,Куп'янський ,Кіндрашівська ,Грушівка
,Харківська,Куп'янський ,Кіндрашівська ,Вишнівка
,Харківська,Куп'янський ,Кіндрашівська ,Гусинка
,Харківська,Куп'янський ,Кіндрашівська ,Єгорівка
,Харківська,Куп'янський ,Кіндрашівська ,Курочкине
,Харківська,Куп'янський ,Кіндрашівська ,Самборівка
,Харківська,Куп'янський ,Кіндрашівська ,Василівка
,Харківська,Куп'янський ,Кіндрашівська ,Дорошівка
,Харківська,Куп'янський ,Кіндрашівська ,Моначинівка
,Харківська,Куп'янський ,Кіндрашівська ,Благодатівка
,Харківська,Куп'янський ,Кіндрашівська ,Нечволодівка
,Харківська,Куп'янський ,Кіндрашівська ,Садове
,Харківська,Куп'янський ,Кіндрашівська ,Миколаївка Перша
,Харківська,Куп'янський ,Кіндрашівська ,Прилютове
,Харківська,Куп'янський ,Кіндрашівська ,Просянка
,Харківська,Куп'янський ,Кіндрашівська ,Цибівка
,Харківська,Куп'янський ,Кіндрашівська ,Велика Шапківка
,Харківська,Куп'янський ,Кіндрашівська ,Ковалівка
,Харківська,Куп'янський ,Кіндрашівська ,Смородьківка
,Харківська,Куп'янський ,Кіндрашівська ,Вовчий Яр
,Харківська,Куп'янський ,Кіндрашівська ,Голубівка
,Харківська,Куп'янський ,Кіндрашівська ,Калинове
,Харківська,Куп'янський ,Кіндрашівська ,Кіндрашівка
,Харківська,Куп'янський ,Кіндрашівська ,Мала Шапківка
,Харківська,Куп'янський ,Кіндрашівська ,Миколаївка Друга
,Харківська,Куп'янський ,Кіндрашівська ,Московка
,Харківська,Куп'янський ,Кіндрашівська ,Паламарівка
,Харківська,Куп'янський ,Кіндрашівська ,Радьківка
,Харківська,Куп'янський ,Кіндрашівська ,Селище
,Харківська,Куп'янський ,Кіндрашівська ,Соболівка
,Харківська,Куп'янський ,Кіндрашівська ,Тищенківка
,Харківська,Куп'янський ,Куп'янська ,Болдирівка
,Харківська,Куп'янський ,Куп'янська ,Осадьківка
,Харківська,Куп'янський ,Куп'янська ,Осиново
,Харківська,Куп'янський ,Куп'янська ,Пойдунівка
,Харківська,Куп'янський ,Куп'янська ,Пристін
,Харківська,Куп'янський ,Куп'янська ,Прокопівка
,Харківська,Куп'янський ,Куп'янська ,Сеньок
,Харківська,Куп'янський ,Куп'янська ,Стінка
,Харківська,Куп'янський ,Куп'янська ,Тамарганівка
,Харківська,Куп'янський ,Куп'янська ,Ківшарівка
,Харківська,Куп'янський ,Куп'янська ,Куп’янськ
,Харківська,Куп'янський ,Куп'янська ,Куп’янськ-Вузловий
,Харківська,Куп'янський ,Курилівська ,Глушківка
,Харківська,Куп'янський ,Курилівська ,Колісниківка
,Харківська,Куп'янський ,Курилівська ,Кругляківка
,Харківська,Куп'янський ,Курилівська ,Біле
,Харківська,Куп'янський ,Курилівська ,Воронцівка
,Харківська,Куп'янський ,Курилівська ,Лісна Стінка
,Харківська,Куп'янський ,Курилівська ,Синиха
,Харківська,Куп'янський ,Курилівська ,Хомине
,Харківська,Куп'янський ,Курилівська ,Сенькове
,Харківська,Куп'янський ,Курилівська ,Курилівка
,Харківська,Куп'янський ,Курилівська ,Новоосинове
,Харківська,Куп'янський ,Курилівська ,Піщане
,Харківська,Куп'янський ,Курилівська ,Подоли
,Харківська,Куп'янський ,Петропавлівська ,Кислівка
,Харківська,Куп'янський ,Петропавлівська ,Котлярівка
,Харківська,Куп'янський ,Петропавлівська ,Крохмальне
,Харківська,Куп'янський ,Петропавлівська ,Табаївка
,Харківська,Куп'янський ,Петропавлівська ,Берестове
,Харківська,Куп'янський ,Петропавлівська ,Піщане
,Харківська,Куп'янський ,Петропавлівська ,Затишне
,Харківська,Куп'янський ,Петропавлівська ,Іванівка
,Харківська,Куп'янський ,Петропавлівська ,Миколаївка
,Харківська,Куп'янський ,Петропавлівська ,Нова Тарасівка
,Харківська,Куп'янський ,Петропавлівська ,Орлянка
,Харківська,Куп'янський ,Петропавлівська ,Степова Новоселівка
,Харківська,Куп'янський ,Петропавлівська ,Ягідне
,Харківська,Куп'янський ,Петропавлівська ,Кучерівка
,Харківська,Куп'янський ,Петропавлівська ,Петропавлівка
,Харківська,Куп'янський ,Петропавлівська ,Синьківка
,Харківська,Куп'янський ,Шевченківська ,Аркадівка
,Харківська,Куп'янський ,Шевченківська ,Микільське
,Харківська,Куп'янський ,Шевченківська ,Роздольне
,Харківська,Куп'янський ,Шевченківська ,Безмятежне
,Харківська,Куп'янський ,Шевченківська ,Кравцівка
,Харківська,Куп'янський ,Шевченківська ,Миропілля
,Харківська,Куп'янський ,Шевченківська ,Полтава
,Харківська,Куп'янський ,Шевченківська ,Станіславка
,Харківська,Куп'янський ,Шевченківська ,Старий Чизвик
,Харківська,Куп'янський ,Шевченківська ,Баранове
,Харківська,Куп'янський ,Шевченківська ,Березівка
,Харківська,Куп'янський ,Шевченківська ,Борівське
,Харківська,Куп'янський ,Шевченківська ,Василенкове
,Харківська,Куп'янський ,Шевченківська ,Худоярове
,Харківська,Куп'янський ,Шевченківська ,Великі Хутори
,Харківська,Куп'янський ,Шевченківська ,Журавка
,Харківська,Куп'янський ,Шевченківська ,Волоська Балаклія
,Харківська,Куп'янський ,Шевченківська ,Гетьманівка
,Харківська,Куп'янський ,Шевченківська ,Лелюківка
,Харківська,Куп'янський ,Шевченківська ,Малі Кринки
,Харківська,Куп'янський ,Шевченківська ,Мостове
,Харківська,Куп'янський ,Шевченківська ,Одрадне
,Харківська,Куп'янський ,Шевченківська ,Тетянівка
,Харківська,Куп'янський ,Шевченківська ,Володимирівка
,Харківська,Куп'янський ,Шевченківська ,Іванівка
,Харківська,Куп'янський ,Шевченківська ,Михайлівка
,Харківська,Куп'янський ,Шевченківська ,Нижній Бурлук
,Харківська,Куп'янський ,Шевченківська ,Смолівка
,Харківська,Куп'янський ,Шевченківська ,Шевченкове
,Харківська,Куп'янський ,Шевченківська ,Шевченкове
,Харківська,Куп'янський ,Шевченківська ,Шишківка
,Харківська,Куп'янський ,Шевченківська ,Новомиколаївка
,Харківська,Куп'янський ,Шевченківська ,Горожанівка
,Харківська,Куп'янський ,Шевченківська ,Іванівка
,Харківська,Куп'янський ,Шевченківська ,Петрівка
,Харківська,Куп'янський ,Шевченківська ,Гроза
,Харківська,Куп'янський ,Шевченківська ,Колісниківка
,Харківська,Куп'янський ,Шевченківська ,Максимівка
,Харківська,Куп'янський ,Шевченківська ,Олександрівка
,Харківська,Куп'янський ,Шевченківська ,Олексіївка
,Харківська,Куп'янський ,Шевченківська ,Петропілля
,Харківська,Куп'янський ,Шевченківська ,Самарське
,Харківська,Куп'янський ,Шевченківська ,Ставище
,Харківська,Куп'янський ,Шевченківська ,Сумське
,Харківська,Куп'янський ,Шевченківська ,Богодарівка
,Харківська,Куп'янський ,Шевченківська ,Новий Лиман
,Харківська,Куп'янський ,Шевченківська ,Новостепанівка
,Харківська,Куп'янський ,Шевченківська ,Семенівка
,Харківська,Куп'янський ,Шевченківська ,Дуванка
,Харківська,Куп'янський ,Шевченківська ,Сподобівка
,Харківська,Куп'янський ,Шевченківська ,Федорівка
,Харківська,Куп'янський ,Шевченківська ,Старовірівка
,Харківська,Куп'янський ,Шевченківська ,Верхньозорянське
,Харківська,Куп'янський ,Шевченківська ,Зорянське
,Харківська,Куп'янський ,Шевченківська ,Михайлівка
,Харківська,Куп'янський ,Шевченківська ,Огурцівка
,Харківська,Куп'янський ,Шевченківська ,Первомайське
,Харківська,Куп'янський ,Шевченківська ,Раївка
,Харківська,Куп'янський ,Шевченківська ,Сазонівка
,Харківська,Куп'янський ,Шевченківська ,Троїцьке
,Харківська,Харківський ,Дергачівська ,Безруки
,Харківська,Харківський ,Дергачівська ,Лещенки
,Харківська,Харківський ,Дергачівська ,Білаші
,Харківська,Харківський ,Дергачівська ,Болибоки
,Харківська,Харківський ,Дергачівська ,Дергачі
,Харківська,Харківський ,Дергачівська ,Ємці
,Харківська,Харківський ,Дергачівська ,Замірці
,Харківська,Харківський ,Дергачівська ,Маслії
,Харківська,Харківський ,Дергачівська ,Семенівка
,Харківська,Харківський ,Дергачівська ,Шовкопляси
,Харківська,Харківський ,Дергачівська ,Ветеринарне
,Харківська,Харківський ,Дергачівська ,Гранів
,Харківська,Харківський ,Дергачівська ,Козача Лопань
,Харківська,Харківський ,Дергачівська ,Нова Козача
,Харківська,Харківський ,Дергачівська ,Шевченка
,Харківська,Харківський ,Дергачівська ,Алісівка
,Харківська,Харківський ,Дергачівська ,Великі Проходи
,Харківська,Харківський ,Дергачівська ,Висока Яруга
,Харківська,Харківський ,Дергачівська ,Малі Проходи
,Харківська,Харківський ,Дергачівська ,Прудянка
,Харківська,Харківський ,Дергачівська ,Цупівка
,Харківська,Харківський ,Дергачівська ,Шаповалівка
,Харківська,Харківський ,Дергачівська ,Нове
,Харківська,Харківський ,Дергачівська ,Питомник
,Харківська,Харківський ,Дергачівська ,Руська Лозова
,Харківська,Харківський ,Дергачівська ,Слатине
,Харківська,Харківський ,Дергачівська ,Солоний Яр
,Харківська,Харківський ,Дергачівська ,Бугаївка
,Харківська,Харківський ,Дергачівська ,Гоптівка
,Харківська,Харківський ,Дергачівська ,Дементіївка
,Харківська,Харківський ,Дергачівська ,Дубівка
,Харківська,Харківський ,Дергачівська ,Кочубеївка
,Харківська,Харківський ,Дергачівська ,Кудіївка
,Харківська,Харківський ,Дергачівська ,Лобанівка
,Харківська,Харківський ,Дергачівська ,Токарівка
,Харківська,Харківський ,Дергачівська ,Токарівка Друга
,Харківська,Харківський ,Дергачівська ,Шопине
,Харківська,Харківський ,Дергачівська ,Мищенки
,Харківська,Харківський ,Липецька ,Веселе
,Харківська,Харківський ,Липецька ,Зелене
,Харківська,Харківський ,Липецька ,Мале Веселе
,Харківська,Харківський ,Липецька ,Нескучне
,Харківська,Харківський ,Липецька ,Глибоке
,Харківська,Харківський ,Липецька ,Красне
,Харківська,Харківський ,Липецька ,Мороховець
,Харківська,Харківський ,Липецька ,Борисівка
,Харківська,Харківський ,Липецька ,Лук’янці
,Харківська,Харківський ,Липецька ,Олійникове
,Харківська,Харківський ,Липецька ,Перемога
,Харківська,Харківський ,Липецька ,Тернова
,Харківська,Харківський ,Липецька ,Борщова
,Харківська,Харківський ,Липецька ,Липці
,Харківська,Харківський ,Липецька ,Пильна
,Харківська,Харківський ,Липецька ,Слобожанське
,Харківська,Харківський ,Липецька ,Стрілеча
,Харківська,Чугуївський ,Вовчанська ,Білий Колодязь
,Харківська,Чугуївський ,Вовчанська ,Волохівське
,Харківська,Чугуївський ,Вовчанська ,Ганнопілля
,Харківська,Чугуївський ,Вовчанська ,Гарбузівка
,Харківська,Чугуївський ,Вовчанська ,Земляний Яр
,Харківська,Чугуївський ,Вовчанська ,Петропавлівка
,Харківська,Чугуївський ,Вовчанська ,Шевченкове Перше
,Харківська,Чугуївський ,Вовчанська ,Бугаївка
,Харківська,Чугуївський ,Вовчанська ,Лосівка
,Харківська,Чугуївський ,Вовчанська ,Сосновий Бір
,Харківська,Чугуївський ,Вовчанська ,Бузове
,Харківська,Чугуївський ,Вовчанська ,Вільча
,Харківська,Чугуївський ,Вовчанська ,Вовчанські Хутори
,Харківська,Чугуївський ,Вовчанська ,Зибине
,Харківська,Чугуївський ,Вовчанська ,Покаляне
,Харківська,Чугуївський ,Вовчанська ,Тихе
,Харківська,Чугуївський ,Вовчанська ,Бочкове
,Харківська,Чугуївський ,Вовчанська ,Волохівка
,Харківська,Чугуївський ,Вовчанська ,Караїчне
,Харківська,Чугуївський ,Вовчанська ,Мала Вовча
,Харківська,Чугуївський ,Вовчанська ,Охрімівка
,Харківська,Чугуївський ,Вовчанська ,Чайківка
,Харківська,Чугуївський ,Вовчанська ,Благодатне
,Харківська,Чугуївський ,Вовчанська ,Василівка
,Харківська,Чугуївський ,Вовчанська ,Захарівка
,Харківська,Чугуївський ,Вовчанська ,Іванівка
,Харківська,Чугуївський ,Вовчанська ,Бакшеївка
,Харківська,Чугуївський ,Вовчанська ,Вірівка
,Харківська,Чугуївський ,Вовчанська ,Лозова
,Харківська,Чугуївський ,Вовчанська ,Новоолександрівка
,Харківська,Чугуївський ,Вовчанська ,Верхній Салтів
,Харківська,Чугуївський ,Вовчанська ,Верхня Писарівка
,Харківська,Чугуївський ,Вовчанська ,Графське
,Харківська,Чугуївський ,Вовчанська ,Лиман
,Харківська,Чугуївський ,Вовчанська ,Симинівка
,Харківська,Чугуївський ,Вовчанська ,Синельникове
,Харківська,Чугуївський ,Вовчанська ,Шестерівка
,Харківська,Чугуївський ,Вовчанська ,Бугруватка
,Харківська,Чугуївський ,Вовчанська ,Гатище
,Харківська,Чугуївський ,Вовчанська ,Ізбицьке
,Харківська,Чугуївський ,Вовчанська ,Огірцеве
,Харківська,Чугуївський ,Вовчанська ,Приліпка
,Харківська,Чугуївський ,Вовчанська ,Стариця
,Харківська,Чугуївський ,Вовчанська ,Бережне
,Харківська,Чугуївський ,Вовчанська ,Котівка
,Харківська,Чугуївський ,Вовчанська ,Пільна
,Харківська,Чугуївський ,Вовчанська ,Українське
,Харківська,Чугуївський ,Вовчанська ,Шевченкове
,Харківська,Чугуївський ,Вовчанська ,Юрченкове
,Харківська,Чугуївський ,Вовчанська ,Байрак
,Харківська,Чугуївський ,Вовчанська ,Бударки
,Харківська,Чугуївський ,Вовчанська ,Варварівка
,Харківська,Чугуївський ,Вовчанська ,Вовчанськ
,Харківська,Чугуївський ,Вовчанська ,Дегтярне
,Харківська,Чугуївський ,Вовчанська ,Замулівка
,Харківська,Чугуївський ,Вовчанська ,Землянки
,Харківська,Чугуївський ,Вовчанська ,Красний Яр
,Харківська,Чугуївський ,Вовчанська ,Кругле
,Харківська,Чугуївський ,Вовчанська ,Лошакове
,Харківська,Чугуївський ,Вовчанська ,Лукашове
,Харківська,Чугуївський ,Вовчанська ,Миколаївка
,Харківська,Чугуївський ,Вовчанська ,Нестерне
,Харківська,Чугуївський ,Вовчанська ,Піщане
,Харківська,Чугуївський ,Вовчанська ,Плетенівка
,Харківська,Чугуївський ,Вовчанська ,Рибалкине
,Харківська,Чугуївський ,Вовчанська ,Різникове
,Харківська,Чугуївський ,Вовчанська ,Рубіжне
,Харківська,Чугуївський ,Вовчанська ,Сердобине
,Харківська,Чугуївський ,Вовчанська ,Українка
,Харківська,Чугуївський ,Вовчанська ,Хижнякове
,Харківська,Чугуївський ,Вовчанська ,Хрипуни
,Харківська,Чугуївський ,Вовчанська ,Цегельне
,Харківська,Чугуївський ,Вовчанська ,Черняків
,Харківська,Чугуївський ,Вовчанська ,Шабельне
,Харківська,Чугуївський ,Малинівська ,Малинівка
,Харківська,Чугуївський ,Малинівська ,Мосьпанове
,Харківська,Чугуївський ,Малинівська ,Стара Гнилиця
,Харківська,Чугуївський ,Печенізька ,Артемівка
,Харківська,Чугуївський ,Печенізька ,Борщова
,Харківська,Чугуївський ,Печенізька ,Ганнівка
,Харківська,Чугуївський ,Печенізька ,Гарашківка
,Харківська,Чугуївський ,Печенізька ,Гуслівка
,Харківська,Чугуївський ,Печенізька ,Першотравневе
,Харківська,Чугуївський ,Печенізька ,Мартове
,Харківська,Чугуївський ,Печенізька ,Новий Бурлук
,Харківська,Чугуївський ,Печенізька ,Приморське
,Харківська,Чугуївський ,Печенізька ,Кицівка
,Харківська,Чугуївський ,Печенізька ,П’ятницьке
,Харківська,Чугуївський ,Печенізька ,Печеніги
,Харківська,Чугуївський ,Старосалтівська ,Вишневе
,Харківська,Чугуївський ,Старосалтівська ,Гонтарівка
,Харківська,Чугуївський ,Старосалтівська ,Дідівка
,Харківська,Чугуївський ,Старосалтівська ,Паськівка
,Харківська,Чугуївський ,Старосалтівська ,Радькове
,Харківська,Чугуївський ,Старосалтівська ,Середівка
,Харківська,Чугуївський ,Старосалтівська ,Томахівка
,Харківська,Чугуївський ,Старосалтівська ,Широке
,Харківська,Чугуївський ,Старосалтівська ,Кирилівка
,Харківська,Чугуївський ,Старосалтівська ,Москалівка
,Харківська,Чугуївський ,Старосалтівська ,Погоріле
,Харківська,Чугуївський ,Старосалтівська ,Молодова
,Харківська,Чугуївський ,Старосалтівська ,Березники
,Харківська,Чугуївський ,Старосалтівська ,Зарічне
,Харківська,Чугуївський ,Старосалтівська ,Металівка
,Харківська,Чугуївський ,Старосалтівська ,Старий Салтів
,Харківська,Чугуївський ,Старосалтівська ,Перківка
,Харківська,Чугуївський ,Старосалтівська ,Хотімля
,Харківська,Чугуївський ,Старосалтівська ,Федорівка
,Харківська,Чугуївський ,Старосалтівська ,Шестакове
,Харківська,Чугуївський ,Чкаловська ,Базаліївка
,Харківська,Чугуївський ,Чкаловська ,Гракове
,Харківська,Чугуївський ,Чкаловська ,Залізничне
,Харківська,Чугуївський ,Чкаловська ,Ртищівка
,Харківська,Чугуївський ,Чкаловська ,Іванівка
,Харківська,Чугуївський ,Чкаловська ,Михайлівка
,Харківська,Чугуївський ,Чкаловська ,Степове
,Харківська,Чугуївський ,Чкаловська ,Студенок
,Харківська,Чугуївський ,Чкаловська ,Коробочкине
,Харківська,Чугуївський ,Чкаловська ,Осиковий Гай
,Харківська,Чугуївський ,Чкаловська ,Леб’яже
,Харківська,Чугуївський ,Чкаловська ,Миколаївка
,Харківська,Чугуївський ,Чкаловська ,Миколаївка
,Харківська,Чугуївський ,Чкаловська ,Пушкарне
,Харківська,Чугуївський ,Чкаловська ,Таганка
,Харківська,Чугуївський ,Чкаловська ,Гаврилівка
,Харківська,Чугуївський ,Чкаловська ,Дослідне
,Харківська,Чугуївський ,Чкаловська ,Нова Гнилиця
,Харківська,Чугуївський ,Чкаловська ,Чкаловське
,Харківська,Чугуївський ,Чкаловська ,Юрченкове
,Харківська,Богодухівський ,Золочівська ,
,Харківська,Ізюмський ,Балаклійська ,
,Харківська,Ізюмський ,Борівська ,
,Харківська,Ізюмський ,Ізюмська ,
,Харківська,Ізюмський ,Куньєвська ,
,Харківська,Ізюмський ,Оскільська ,
,Харківська,Ізюмський ,Савинська ,
,Харківська,Куп'янський ,Великобурлуцька ,
,Харківська,Куп'янський ,Вільхуватська ,
,Харківська,Куп'янський ,Дворічанська ,
,Харківська,Куп'янський ,Кіндрашівська ,
,Харківська,Куп'янський ,Куп'янська ,
,Харківська,Куп'янський ,Курилівська ,
,Харківська,Куп'янський ,Петропавлівська ,
,Харківська,Куп'янський ,Шевченківська ,
,Харківська,Харківський ,Дергачівська ,
,Харківська,Харківський ,Липецька ,
,Харківська,Чугуївський ,Вовчанська ,
,Харківська,Чугуївський ,Малинівська ,
,Харківська,Чугуївський ,Печенізька ,
,Харківська,Чугуївський ,Старосалтівська ,
,Харківська,Чугуївський ,Чкаловська ,
,Харківська,Ізюмський ,Ізюмська ,Ізюм 1 квартал
,Харківська,Ізюмський ,Ізюмська ,Ізюм 2 квартал
,Харківська,Ізюмський ,Ізюмська ,Ізюм 3 квартал
,Харківська,Ізюмський ,Ізюмська ,Ізюм 4 квартал
,Харківська,Ізюмський ,Ізюмська ,Ізюм 5 квартал
,Харківська,Ізюмський ,Ізюмська ,Ізюм 6 квартал
,Харківська,Ізюмський ,Ізюмська ,Ізюм 7 квартал
,Харківська,Ізюмський ,Ізюмська ,Ізюм 8 квартал
,Харківська,Ізюмський ,Ізюмська ,Ізюм 9 квартал
,Харківська,Ізюмський ,Ізюмська ,Ізюм 10 квартал
,Харківська,Ізюмський ,Ізюмська ,Ізюм 11 квартал
,Харківська,Ізюмський ,Ізюмська ,Ізюм 12 квартал
,Харківська,Ізюмський ,Ізюмська ,Ізюм 13 квартал
,Харківська,Ізюмський ,Ізюмська ,Ізюм 14 квартал
,Харківська,Ізюмський ,Ізюмська ,Ізюм 15 квартал
,Харківська,Ізюмський ,Ізюмська ,Ізюм 16 квартал
,Харківська,Ізюмський ,Ізюмська ,Ізюм 17 квартал
,Харківська,Ізюмський ,Ізюмська ,Ізюм 18 квартал
,Харківська,Ізюмський ,Ізюмська ,Ізюм 19 квартал
,Харківська,Ізюмський ,Ізюмська ,Ізюм 20 квартал
,Харківська,Ізюмський ,Ізюмська ,Ізюм 21 квартал
,Харківська,Ізюмський ,Ізюмська ,Ізюм 22 квартал
,Харківська,Ізюмський ,Ізюмська ,Ізюм 23 квартал
,Харківська,Ізюмський ,Ізюмська ,Ізюм 24 квартал
,Харківська,Ізюмський ,Ізюмська ,Ізюм 25 квартал
,Харківська,Ізюмський ,Ізюмська ,Ізюм 26 квартал
,Харківська,Ізюмський ,Ізюмська ,Ізюм 27 квартал
,Харківська,Ізюмський ,Ізюмська ,Ізюм 28 квартал
,Харківська,Ізюмський ,Ізюмська ,Ізюм 29 квартал
,Харківська,Ізюмський ,Ізюмська ,Ізюм 30 квартал
,Харківська,Ізюмський ,Ізюмська ,Ізюм 31 квартал
,Харківська,Ізюмський ,Ізюмська ,Ізюм 32 квартал
,Харківська,Ізюмський ,Ізюмська ,Ізюм 33 квартал